物品ID,物品名称,物品类型,index(自动排序位置),BuildMode(建造类型),BuildIndex(建造栏位置)
1001,铁矿,Resource,0,0,0
1002,铜矿,Resource,1,0,0
1003,硅石,Resource,2,0,0
1004,钛石,Resource,3,0,0
1005,石矿,Resource,4,0,0
1006,煤矿,Resource,5,0,0
1030,木材,Resource,6,0,0
1031,植物燃料,Resource,7,0,0
1011,可燃冰,Resource,8,0,0
1012,金伯利矿石,Resource,9,0,0
1013,分形硅石,Resource,10,0,0
1014,光栅石,Resource,11,0,0
1015,刺笋结晶,Resource,12,0,0
1016,单极磁石,Resource,13,0,0
1101,铁块,Material,14,0,0
1104,铜块,Material,15,0,0
1105,高纯硅块,Material,16,0,0
1106,钛块,Material,17,0,0
1108,石材,Material,18,0,0
1109,高能石墨,Material,19,0,0
1103,钢材,Material,20,0,0
1107,钛合金,Material,21,0,0
1110,玻璃,Material,22,0,0
1119,钛化玻璃,Material,23,0,0
1111,棱镜,Material,24,0,0
1112,金刚石,Material,25,0,0
1113,晶格硅,Material,26,0,0
1201,齿轮,Component,27,0,0
1102,磁铁,Material,28,0,0
1202,磁线圈,Component,29,0,0
1203,电动机,Component,30,0,0
1204,电磁涡轮,Component,31,0,0
1205,超级磁场环,Component,32,0,0
1206,粒子容器,Component,33,0,0
1127,奇异物质,Material,34,0,0
1301,电路板,Component,35,0,0
1303,处理器,Component,36,0,0
1305,量子芯片,Component,37,0,0
1302,微晶元件,Component,38,0,0
1304,位面过滤器,Component,39,0,0
1402,粒子宽带,Component,40,0,0
1401,电浆激发器,Component,41,0,0
1404,光子合并器,Component,42,0,0
1501,太阳帆,Product,43,0,0
1000,水,Resource,44,0,0
1007,原油,Resource,45,0,0
1114,精炼油,Material,46,0,0
1116,硫酸,Material,47,0,0
1120,氢,Material,48,0,0
1121,重氢,Material,49,0,0
1122,反物质,Material,50,0,0
1208,临界光子,Material,51,0,0
1801,液氢燃料棒,Product,52,0,0
1802,氘核燃料棒,Product,53,0,0
1803,反物质燃料棒,Product,54,0,0
1804,奇异湮灭燃料棒,Product,55,0,0
1115,塑料,Material,56,0,0
1123,石墨烯,Material,57,0,0
1124,碳纳米管,Material,58,0,0
1117,有机晶体,Material,59,0,0
1118,钛晶石,Material,60,0,0
1126,卡西米尔晶体,Material,61,0,0
1128,燃烧单元,Component,62,0,0
1129,爆破单元,Component,63,0,0
1130,晶石爆破单元,Component,64,0,0
1209,引力透镜,Component,65,0,0
1210,空间翘曲器,Component,66,0,0
1403,湮灭约束球,Component,67,0,0
1407,动力引擎,Component,68,0,0
1405,推进器,Component,69,0,0
1406,加力推进器,Component,70,0,0
5003,配送运输机,Logistics,71,0,0
5001,物流运输机,Logistics,72,0,0
5002,星际物流运输船,Logistics,73,0,0
1125,框架材料,Material,74,0,0
1502,戴森球组件,Component,75,0,0
1503,小型运载火箭,Product,76,0,0
1131,地基,Component,77,4,901
1141,增产剂MkI,Material,78,0,0
1142,增产剂MkII,Material,79,0,0
1143,增产剂MkIII,Material,80,0,0
1601,机枪弹箱,Product,81,0,0
1602,钛化弹箱,Product,82,0,0
1603,超合金弹箱,Product,83,0,0
1604,炮弹组,Product,84,0,0
1605,高爆炮弹组,Product,85,0,0
1606,晶石炮弹组,Product,86,0,0
1607,等离子胶囊,Product,87,0,0
1608,反物质胶囊,Product,88,0,0
1609,导弹组,Product,89,0,0
1610,超音速导弹组,Product,90,0,0
1611,引力导弹组,Product,91,0,0
1612,干扰胶囊,Product,92,0,0
1613,压制胶囊,Product,93,0,0
5101,原型机,Product,94,0,0
5102,精准无人机,Product,95,0,0
5103,攻击无人机,Product,96,0,0
5111,护卫舰,Product,97,0,0
5112,驱逐舰,Product,98,0,0
5201,黑雾矩阵,DarkFog,99,0,0
5202,硅基神经元,DarkFog,100,0,0
5203,物质重组器,DarkFog,101,0,0
5204,负熵奇点,DarkFog,102,0,0
5205,核心素,DarkFog,103,0,0
5206,能量碎片,DarkFog,104,0,0
2001,传送带,Logistics,105,2,301
2002,高速传送带,Logistics,106,2,302
2003,极速传送带,Logistics,107,2,303
2011,分拣器,Logistics,108,3,304
2012,高速分拣器,Logistics,109,3,305
2013,极速分拣器,Logistics,110,3,306
2014,集装分拣器,Logistics,111,3,307
2020,四向分流器,Logistics,112,1,308
2040,自动集装机,Logistics,113,1,602
2030,流速监测器,Logistics,114,5,309
2313,喷涂机,Production,115,5,310
2107,物流配送器,Logistics,116,5,601
2101,小型储物仓,Logistics,117,1,401
2102,大型储物仓,Logistics,118,1,402
2106,储液罐,Logistics,119,1,403
2303,制造台MkI,Production,120,1,503
2304,制造台MkII,Production,121,1,504
2305,制造台MkIII,Production,122,1,505
2318,重组式制造台,Production,123,1,808
2201,电力感应塔,Logistics,124,1,101
2202,无线输电塔,Logistics,125,1,102
2212,卫星配电站,Logistics,126,1,103
2203,风力涡轮机,Production,127,1,104
2204,火力发电厂,Production,128,1,105
2211,微型聚变发电站,Production,129,1,108
2213,地热发电站,Production,130,1,107
2301,采矿机,Production,131,1,201
2316,大型采矿机,Production,132,1,202
2306,抽水站,Production,133,1,203
2302,电弧熔炉,Production,134,1,501
2315,位面熔炉,Production,135,1,502
2319,负熵熔炉,Production,136,1,807
2307,原油萃取站,Production,137,1,204
2308,原油精炼厂,Production,138,1,506
2309,化工厂,Production,139,1,508
2317,量子化工厂,Production,140,1,509
2314,通用分馏塔,Production,141,1,0
2205,太阳能板,Production,142,1,106
2206,蓄电器,Logistics,143,1,109
2207,蓄电器满,Logistics,144,1,0
2311,电磁轨道弹射器,Production,145,1,802
2208,射线重构站,Production,146,1,803
2312,垂直发射井,Production,147,1,804
2209,能量枢纽,Logistics,148,1,606
2310,微型粒子对撞机,Production,149,1,510
2210,人造恒星,Production,150,1,805
2103,行星内物流运输站,Logistics,151,1,603
2104,星际物流运输站,Logistics,152,1,604
2105,轨道采集器,Logistics,153,1,605
2901,矩阵研究站,Production,154,1,801
2902,自演化研究站,Production,155,1,806
3001,高斯机枪塔,Turret,156,5,701
3002,高频激光塔,Turret,157,1,704
3003,聚爆加农炮,Turret,158,5,703
3004,磁化电浆炮,Turret,159,5,705
3005,导弹防御塔,Turret,160,5,702
3006,干扰塔,Turret,161,5,708
3007,信号塔,Defense,162,1,709
3008,行星护盾发生器,Defense,163,1,710
3009,战场分析基站,Defense,164,1,707
3010,近程电浆塔,Turret,165,5,706
6001,电磁矩阵,Matrix,166,0,0
6002,能量矩阵,Matrix,167,0,0
6003,结构矩阵,Matrix,168,0,0
6004,信息矩阵,Matrix,169,0,0
6005,引力矩阵,Matrix,170,0,0
6006,宇宙矩阵,Matrix,171,0,0
1099,沙土,Resource,172,0,0
8035,水滴额外伤害,Material,173,0,0
9480,引力发生装置,Component,174,0,0
9481,位面约束环,Component,175,0,0
9482,引力钻头,Component,176,0,0
9483,隧穿激发装置,Component,177,0,0
9484,谐振盘,Component,178,0,0
9485,光子探针,Component,179,0,0
9486,量子计算机,Component,180,0,0
9487,星际组装厂组件,Component,181,0,0
9488,物质解压器运载火箭,Product,182,0,0
9489,科学枢纽运载火箭,Product,183,0,0
9490,谐振发射器运载火箭,Product,184,0,0
9491,星际组装厂运载火箭,Product,185,0,0
9492,晶体重构器运载火箭,Product,186,0,0
9500,多功能集成组件,Component,187,0,0
9503,力场发生器,Component,188,0,0
9504,复合态晶体,Component,189,0,0
9505,电磁力抑制器,Component,190,0,0
9506,胶子发生器,Component,191,0,0
9507,强力过载装置,Component,192,0,0
9508,导流框架,Component,193,0,0
9509,恒星炮组件,Component,194,0,0
9510,恒星炮运载火箭,Product,195,0,0
9511,水滴,Product,196,0,0
9513,星河卫士勋章,Decoration,197,0,0
2320,精准分馏塔,Production,198,1,0
2321,建筑极速分馏塔,Production,199,1,0
2324,垃圾回收分馏塔,Production,200,1,0
2322,点数聚集分馏塔,Production,201,1,0
2323,增产分馏塔,Production,202,1,0
9493,铁金属重构装置,Production,203,1,803
9494,铜金属重构装置,Production,204,1,803
9495,高纯硅重构装置,Production,205,1,803
9496,钛金属重构装置,Production,206,1,803
9497,单极磁石重构装置,Production,207,1,803
9498,晶体接收器,Production,208,1,803
9499,组件集成装置,Production,209,1,803
9501,石墨提炼装置,Production,210,1,803
9502,光栅晶体接收器,Production,211,1,803
9512,物资交换物流站,Logistics,212,1,604
9446,熔炉采矿机A型,Production,213,1,205
9466,大型熔炉采矿机A型,Production,214,1,208
9447,熔炉采矿机B型,Production,215,1,206
9467,大型熔炉采矿机B型,Production,216,1,209
9448,化工采矿机C型,Production,217,1,207
9468,大型化工采矿机C型,Production,218,1,210
9469,等离子精炼油井,Production,219,1,705


配方ID,配方名称,配方类型,原料,产物,时间
1,铁块,Smelt,1001(铁矿)*1 -> 1101(铁块)*1,60(1.0s)
2,磁铁,Smelt,1001(铁矿)*1 -> 1102(磁铁)*1,90(1.5s)
3,铜块,Smelt,1002(铜矿)*1 -> 1104(铜块)*1,60(1.0s)
4,石材,Smelt,1005(石矿)*1 -> 1108(石材)*1,60(1.0s)
5,齿轮,Assemble,1101(铁块)*1 -> 1201(齿轮)*1,60(1.0s)
6,磁线圈,Assemble,1102(磁铁)*2 + 1104(铜块)*1 -> 1202(磁线圈)*2,60(1.0s)
7,风力涡轮机,Assemble,1101(铁块)*6 + 1201(齿轮)*1 + 1202(磁线圈)*3 -> 2203(风力涡轮机)*1,240(4.0s)
8,电力感应塔,Assemble,1101(铁块)*2 + 1202(磁线圈)*1 -> 2201(电力感应塔)*1,60(1.0s)
9,电磁矩阵,Research,1202(磁线圈)*1 + 1301(电路板)*1 -> 6001(电磁矩阵)*1,180(3.0s)
10,矩阵研究站,Assemble,1101(铁块)*8 + 1110(玻璃)*4 + 1301(电路板)*4 + 1202(磁线圈)*4 -> 2901(矩阵研究站)*1,180(3.0s)
11,棱镜,Assemble,1110(玻璃)*3 -> 1111(棱镜)*2,120(2.0s)
12,电浆激发器,Assemble,1202(磁线圈)*4 + 1111(棱镜)*2 -> 1401(电浆激发器)*1,120(2.0s)
13,无线输电塔,Assemble,2201(电力感应塔)*1 + 1401(电浆激发器)*3 -> 2202(无线输电塔)*1,180(3.0s)
14,原油萃取站,Assemble,1103(钢材)*12 + 1108(石材)*12 + 1301(电路板)*6 + 1401(电浆激发器)*4 -> 2307(原油萃取站)*1,480(8.0s)
15,原油精炼厂,Assemble,1103(钢材)*10 + 1108(石材)*10 + 1301(电路板)*6 + 1401(电浆激发器)*6 -> 2308(原油精炼厂)*1,360(6.0s)
16,等离子精炼,Refine,1007(原油)*2 -> 1120(氢)*1 + 1114(精炼油)*2,240(4.0s)
17,高能石墨,Smelt,1006(煤矿)*2 -> 1109(高能石墨)*1,120(2.0s)
18,能量矩阵,Research,1109(高能石墨)*2 + 1120(氢)*2 -> 6002(能量矩阵)*1,360(6.0s)
19,液氢燃料棒,Assemble,1106(钛块)*1 + 1120(氢)*10 -> 1801(液氢燃料棒)*2,360(6.0s)
20,推进器,Assemble,1103(钢材)*2 + 1104(铜块)*3 -> 1405(推进器)*1,240(4.0s)
21,加力推进器,Assemble,1107(钛合金)*5 + 1204(电磁涡轮)*5 -> 1406(加力推进器)*1,360(6.0s)
22,化工厂,Assemble,1103(钢材)*8 + 1108(石材)*8 + 1110(玻璃)*8 + 1301(电路板)*2 -> 2309(化工厂)*1,300(5.0s)
23,塑料,Chemical,1114(精炼油)*2 + 1109(高能石墨)*1 -> 1115(塑料)*1,180(3.0s)
24,硫酸,Chemical,1114(精炼油)*6 + 1005(石矿)*8 + 1000(水)*4 -> 1116(硫酸)*4,360(6.0s)
25,有机晶体,Chemical,1115(塑料)*2 + 1114(精炼油)*1 + 1000(水)*1 -> 1117(有机晶体)*1,360(6.0s)
26,钛晶石,Assemble,1117(有机晶体)*1 + 1106(钛块)*3 -> 1118(钛晶石)*1,240(4.0s)
27,结构矩阵,Research,1112(金刚石)*1 + 1118(钛晶石)*1 -> 6003(结构矩阵)*1,480(8.0s)
28,卡西米尔晶体,Assemble,1118(钛晶石)*1 + 1123(石墨烯)*2 + 1120(氢)*12 -> 1126(卡西米尔晶体)*1,240(4.0s)
29,卡西米尔晶体高效,Assemble,1014(光栅石)*8 + 1123(石墨烯)*2 + 1120(氢)*12 -> 1126(卡西米尔晶体)*1,240(4.0s)
30,钛化玻璃,Assemble,1110(玻璃)*2 + 1106(钛块)*2 + 1000(水)*2 -> 1119(钛化玻璃)*2,300(5.0s)
31,石墨烯,Chemical,1109(高能石墨)*3 + 1116(硫酸)*1 -> 1123(石墨烯)*2,180(3.0s)
32,石墨烯高效,Chemical,1011(可燃冰)*2 -> 1123(石墨烯)*2 + 1120(氢)*1,120(2.0s)
33,碳纳米管,Chemical,1123(石墨烯)*3 + 1106(钛块)*1 -> 1124(碳纳米管)*2,240(4.0s)
34,硅石,Smelt,1005(石矿)*10 -> 1003(硅石)*1,600(10.0s)
35,碳纳米管高效,Chemical,1015(刺笋结晶)*6 -> 1124(碳纳米管)*2,240(4.0s)
36,粒子宽带,Assemble,1124(碳纳米管)*2 + 1113(晶格硅)*2 + 1115(塑料)*1 -> 1402(粒子宽带)*1,480(8.0s)
37,晶格硅,Smelt,1105(高纯硅块)*1 -> 1113(晶格硅)*1,120(2.0s)
38,位面过滤器,Assemble,1126(卡西米尔晶体)*1 + 1119(钛化玻璃)*2 -> 1304(位面过滤器)*1,720(12.0s)
39,微型粒子对撞机,Assemble,1107(钛合金)*20 + 1125(框架材料)*20 + 1205(超级磁场环)*25 + 1123(石墨烯)*10 + 1303(处理器)*8 -> 2310(微型粒子对撞机)*1,900(15.0s)
40,重氢,Particle,1120(氢)*10 -> 1121(重氢)*5,150(2.5s)
41,氘核燃料棒,Assemble,1107(钛合金)*1 + 1121(重氢)*20 + 1205(超级磁场环)*1 -> 1802(氘核燃料棒)*2,720(12.0s)
42,湮灭约束球,Assemble,1206(粒子容器)*1 + 1303(处理器)*1 -> 1403(湮灭约束球)*1,1200(20.0s)
43,人造恒星,Assemble,1107(钛合金)*20 + 1125(框架材料)*20 + 1403(湮灭约束球)*10 + 1305(量子芯片)*10 -> 2210(人造恒星)*1,1800(30.0s)
44,反物质燃料棒,Assemble,1122(反物质)*12 + 1120(氢)*12 + 1403(湮灭约束球)*1 + 1107(钛合金)*1 -> 1803(反物质燃料棒)*2,1440(24.0s)
45,制造台MkI,Assemble,1101(铁块)*4 + 1201(齿轮)*8 + 1301(电路板)*4 -> 2303(制造台MkI)*1,120(2.0s)
46,制造台MkII,Assemble,2303(制造台MkI)*1 + 1123(石墨烯)*8 + 1303(处理器)*4 -> 2304(制造台MkII)*1,180(3.0s)
47,制造台MkIII,Assemble,2304(制造台MkII)*1 + 1402(粒子宽带)*8 + 1305(量子芯片)*2 -> 2305(制造台MkIII)*1,240(4.0s)
48,采矿机,Assemble,1101(铁块)*4 + 1301(电路板)*2 + 1202(磁线圈)*2 + 1201(齿轮)*2 -> 2301(采矿机)*1,180(3.0s)
49,抽水站,Assemble,1101(铁块)*8 + 1108(石材)*4 + 1203(电动机)*4 + 1301(电路板)*2 -> 2306(抽水站)*1,240(4.0s)
50,电路板,Assemble,1101(铁块)*2 + 1104(铜块)*1 -> 1301(电路板)*2,60(1.0s)
51,处理器,Assemble,1301(电路板)*2 + 1302(微晶元件)*2 -> 1303(处理器)*1,180(3.0s)
52,量子芯片,Assemble,1303(处理器)*2 + 1304(位面过滤器)*2 -> 1305(量子芯片)*1,360(6.0s)
53,微晶元件,Assemble,1105(高纯硅块)*2 + 1104(铜块)*1 -> 1302(微晶元件)*1,120(2.0s)
54,有机晶体原始,Assemble,1030(木材)*20 + 1031(植物燃料)*30 + 1000(水)*10 -> 1117(有机晶体)*1,360(6.0s)
55,信息矩阵,Research,1303(处理器)*2 + 1402(粒子宽带)*1 -> 6004(信息矩阵)*1,600(10.0s)
56,电弧熔炉,Assemble,1101(铁块)*4 + 1108(石材)*2 + 1301(电路板)*4 + 1202(磁线圈)*2 -> 2302(电弧熔炉)*1,180(3.0s)
57,玻璃,Smelt,1005(石矿)*2 -> 1110(玻璃)*1,120(2.0s)
58,X射线裂解,Refine,1114(精炼油)*1 + 1120(氢)*2 -> 1120(氢)*3 + 1109(高能石墨)*1,240(4.0s)
59,高纯硅块,Smelt,1003(硅石)*2 -> 1105(高纯硅块)*1,120(2.0s)
60,金刚石,Smelt,1109(高能石墨)*1 -> 1112(金刚石)*1,120(2.0s)
61,金刚石高效,Smelt,1012(金伯利矿石)*1 -> 1112(金刚石)*2,90(1.5s)
62,晶格硅高效,Assemble,1013(分形硅石)*1 -> 1113(晶格硅)*2,90(1.5s)
63,钢材,Smelt,1101(铁块)*3 -> 1103(钢材)*1,180(3.0s)
64,火力发电厂,Assemble,1101(铁块)*10 + 1108(石材)*4 + 1201(齿轮)*4 + 1202(磁线圈)*4 -> 2204(火力发电厂)*1,300(5.0s)
65,钛块,Smelt,1004(钛石)*2 -> 1106(钛块)*1,120(2.0s)
66,钛合金,Smelt,1106(钛块)*4 + 1103(钢材)*4 + 1116(硫酸)*8 -> 1107(钛合金)*4,720(12.0s)
67,太阳能板,Assemble,1104(铜块)*10 + 1105(高纯硅块)*10 + 1301(电路板)*5 -> 2205(太阳能板)*1,360(6.0s)
68,光子合并器,Assemble,1111(棱镜)*2 + 1301(电路板)*1 -> 1404(光子合并器)*1,180(3.0s)
69,光子合并器高效,Assemble,1014(光栅石)*1 + 1301(电路板)*1 -> 1404(光子合并器)*1,180(3.0s)
70,太阳帆,Assemble,1123(石墨烯)*1 + 1404(光子合并器)*1 -> 1501(太阳帆)*2,240(4.0s)
71,电磁轨道弹射器,Assemble,1103(钢材)*20 + 1201(齿轮)*20 + 1303(处理器)*5 + 1205(超级磁场环)*10 -> 2311(电磁轨道弹射器)*1,360(6.0s)
72,射线重构站,Assemble,1103(钢材)*20 + 1105(高纯硅块)*20 + 1404(光子合并器)*10 + 1303(处理器)*5 + 1205(超级磁场环)*20 -> 2208(射线重构站)*1,480(8.0s)
73,卫星配电站,Assemble,2202(无线输电塔)*1 + 1205(超级磁场环)*10 + 1125(框架材料)*2 -> 2212(卫星配电站)*1,300(5.0s)
74,质能储存,Particle,1208(临界光子)*2 -> 1122(反物质)*2 + 1120(氢)*2,120(2.0s)
75,宇宙矩阵,Research,6001(电磁矩阵)*1 + 6002(能量矩阵)*1 + 6003(结构矩阵)*1 + 6004(信息矩阵)*1 + 6005(引力矩阵)*1 + 1122(反物质)*1 -> 6006(宇宙矩阵)*1,900(15.0s)
76,蓄电器,Assemble,1101(铁块)*6 + 1205(超级磁场环)*1 + 1113(晶格硅)*3 -> 2206(蓄电器)*1,180(3.0s)
77,能量枢纽,Assemble,1107(钛合金)*40 + 1103(钢材)*40 + 1303(处理器)*40 + 1206(粒子容器)*8 -> 2209(能量枢纽)*1,900(15.0s)
78,空间翘曲器,Assemble,1209(引力透镜)*1 -> 1210(空间翘曲器)*1,600(10.0s)
79,空间翘曲器高级,Assemble,6005(引力矩阵)*1 -> 1210(空间翘曲器)*8,600(10.0s)
80,框架材料,Assemble,1124(碳纳米管)*4 + 1107(钛合金)*1 + 1105(高纯硅块)*1 -> 1125(框架材料)*1,360(6.0s)
81,戴森球组件,Assemble,1125(框架材料)*3 + 1501(太阳帆)*3 + 1303(处理器)*3 -> 1502(戴森球组件)*1,480(8.0s)
82,垂直发射井,Assemble,1107(钛合金)*80 + 1125(框架材料)*30 + 1209(引力透镜)*20 + 1305(量子芯片)*10 -> 2312(垂直发射井)*1,1800(30.0s)
83,小型运载火箭,Assemble,1502(戴森球组件)*2 + 1802(氘核燃料棒)*4 + 1305(量子芯片)*2 -> 1503(小型运载火箭)*1,360(6.0s)
84,传送带,Assemble,1101(铁块)*2 + 1201(齿轮)*1 -> 2001(传送带)*3,60(1.0s)
85,分拣器,Assemble,1101(铁块)*1 + 1301(电路板)*1 -> 2011(分拣器)*1,60(1.0s)
86,小型储物仓,Assemble,1101(铁块)*4 + 1108(石材)*4 -> 2101(小型储物仓)*1,120(2.0s)
87,四向分流器,Assemble,1101(铁块)*3 + 1201(齿轮)*2 + 1301(电路板)*1 -> 2020(四向分流器)*1,120(2.0s)
88,高速分拣器,Assemble,2011(分拣器)*2 + 1203(电动机)*1 -> 2012(高速分拣器)*2,60(1.0s)
89,高速传送带,Assemble,2001(传送带)*3 + 1204(电磁涡轮)*1 -> 2002(高速传送带)*3,60(1.0s)
90,极速分拣器,Assemble,2012(高速分拣器)*2 + 1204(电磁涡轮)*1 -> 2013(极速分拣器)*2,60(1.0s)
91,大型储物仓,Assemble,1103(钢材)*8 + 1108(石材)*8 -> 2102(大型储物仓)*1,240(4.0s)
92,极速传送带,Assemble,2002(高速传送带)*3 + 1205(超级磁场环)*1 + 1123(石墨烯)*1 -> 2003(极速传送带)*3,60(1.0s)
93,行星内物流运输站,Assemble,1103(钢材)*40 + 1106(钛块)*40 + 1303(处理器)*40 + 1206(粒子容器)*20 -> 2103(行星内物流运输站)*1,1200(20.0s)
94,物流运输机,Assemble,1101(铁块)*5 + 1303(处理器)*2 + 1405(推进器)*2 -> 5001(物流运输机)*1,240(4.0s)
95,星际物流运输站,Assemble,2103(行星内物流运输站)*1 + 1107(钛合金)*40 + 1206(粒子容器)*20 -> 2104(星际物流运输站)*1,1800(30.0s)
96,星际物流运输船,Assemble,1107(钛合金)*10 + 1303(处理器)*10 + 1406(加力推进器)*2 -> 5002(星际物流运输船)*1,360(6.0s)
97,电动机,Assemble,1101(铁块)*2 + 1201(齿轮)*1 + 1202(磁线圈)*1 -> 1203(电动机)*1,120(2.0s)
98,电磁涡轮,Assemble,1203(电动机)*2 + 1202(磁线圈)*2 -> 1204(电磁涡轮)*1,120(2.0s)
99,粒子容器,Assemble,1204(电磁涡轮)*2 + 1104(铜块)*2 + 1123(石墨烯)*2 -> 1206(粒子容器)*1,240(4.0s)
100,粒子容器高效,Assemble,1016(单极磁石)*10 + 1104(铜块)*2 -> 1206(粒子容器)*1,240(4.0s)
101,引力透镜,Assemble,1112(金刚石)*4 + 1127(奇异物质)*1 -> 1209(引力透镜)*1,360(6.0s)
102,引力矩阵,Research,1209(引力透镜)*1 + 1305(量子芯片)*1 -> 6005(引力矩阵)*2,1440(24.0s)
103,超级磁场环,Assemble,1204(电磁涡轮)*2 + 1102(磁铁)*3 + 1109(高能石墨)*1 -> 1205(超级磁场环)*1,180(3.0s)
104,奇异物质,Particle,1206(粒子容器)*2 + 1101(铁块)*2 + 1121(重氢)*10 -> 1127(奇异物质)*1,480(8.0s)
106,增产剂MkI,Assemble,1006(煤矿)*1 -> 1141(增产剂MkI)*1,30(0.5s)
107,增产剂MkII,Assemble,1141(增产剂MkI)*2 + 1112(金刚石)*1 -> 1142(增产剂MkII)*1,60(1.0s)
108,增产剂MkIII,Assemble,1142(增产剂MkII)*2 + 1124(碳纳米管)*1 -> 1143(增产剂MkIII)*1,120(2.0s)
109,喷涂机,Assemble,1103(钢材)*4 + 1401(电浆激发器)*2 + 1301(电路板)*2 + 1302(微晶元件)*2 -> 2313(喷涂机)*1,180(3.0s)
110,分馏塔,Assemble,1103(钢材)*8 + 1108(石材)*4 + 1110(玻璃)*4 + 1303(处理器)*1 -> 2314(通用分馏塔)*1,180(3.0s)
111,轨道采集器,Assemble,2104(星际物流运输站)*1 + 1205(超级磁场环)*50 + 1406(加力推进器)*20 + 2207(蓄电器满)*20 -> 2105(轨道采集器)*1,1800(30.0s)
112,地基,Assemble,1108(石材)*3 + 1103(钢材)*1 -> 1131(地基)*1,60(1.0s)
113,微型聚变发电站,Assemble,1107(钛合金)*12 + 1205(超级磁场环)*10 + 1124(碳纳米管)*8 + 1303(处理器)*4 -> 2211(微型聚变发电站)*1,600(10.0s)
114,储液罐,Assemble,1101(铁块)*8 + 1108(石材)*4 + 1110(玻璃)*4 -> 2106(储液罐)*1,120(2.0s)
115,重氢分馏,Fractionate,1120(氢)*100 -> 1121(重氢)*1,1(0.0s)
116,位面熔炉,Assemble,2302(电弧熔炉)*1 + 1125(框架材料)*5 + 1304(位面过滤器)*4 + 1016(单极磁石)*15 -> 2315(位面熔炉)*1,300(5.0s)
117,流速监测器,Assemble,1101(铁块)*3 + 1201(齿轮)*2 + 1110(玻璃)*1 + 1301(电路板)*2 -> 2030(流速监测器)*1,120(2.0s)
118,地热发电站,Assemble,1103(钢材)*15 + 1104(铜块)*20 + 1404(光子合并器)*4 + 1205(超级磁场环)*1 -> 2213(地热发电站)*1,360(6.0s)
119,大型采矿机,Assemble,1107(钛合金)*20 + 1125(框架材料)*10 + 1205(超级磁场环)*10 + 1305(量子芯片)*4 + 1014(光栅石)*40 -> 2316(大型采矿机)*1,1200(20.0s)
120,自动集装机,Assemble,1103(钢材)*3 + 1201(齿轮)*4 + 1205(超级磁场环)*1 + 1303(处理器)*2 -> 2040(自动集装机)*1,240(4.0s)
121,重整精炼,Refine,1114(精炼油)*2 + 1120(氢)*1 + 1006(煤矿)*1 -> 1114(精炼油)*3,240(4.0s)
122,物流配送器,Assemble,1101(铁块)*8 + 1401(电浆激发器)*4 + 1303(处理器)*4 -> 2107(物流配送器)*1,480(8.0s)
123,配送运输机,Assemble,1101(铁块)*2 + 1407(动力引擎)*1 + 1303(处理器)*1 -> 5003(配送运输机)*1,120(2.0s)
124,量子化工厂,Assemble,2309(化工厂)*1 + 1119(钛化玻璃)*10 + 1127(奇异物质)*3 + 1305(量子芯片)*3 -> 2317(量子化工厂)*1,600(10.0s)
125,高斯机枪塔,Assemble,1101(铁块)*8 + 1201(齿轮)*8 + 1301(电路板)*2 + 1202(磁线圈)*4 -> 3001(高斯机枪塔)*1,240(4.0s)
126,高频激光塔,Assemble,1103(钢材)*9 + 1401(电浆激发器)*6 + 1301(电路板)*6 + 1404(光子合并器)*9 -> 3002(高频激光塔)*1,360(6.0s)
127,聚爆加农炮,Assemble,1103(钢材)*10 + 1203(电动机)*8 + 1301(电路板)*10 + 1205(超级磁场环)*2 -> 3003(聚爆加农炮)*1,300(5.0s)
128,磁化电浆炮,Assemble,1107(钛合金)*20 + 1119(钛化玻璃)*10 + 1205(超级磁场环)*10 + 1401(电浆激发器)*5 + 1303(处理器)*5 -> 3004(磁化电浆炮)*1,600(10.0s)
129,导弹防御塔,Assemble,1103(钢材)*8 + 1203(电动机)*6 + 1301(电路板)*12 + 1407(动力引擎)*6 -> 3005(导弹防御塔)*1,360(6.0s)
130,干扰塔,Assemble,1104(铜块)*12 + 1401(电浆激发器)*9 + 1112(金刚石)*6 + 1303(处理器)*3 -> 3006(干扰塔)*1,300(5.0s)
131,信号塔,Assemble,2202(无线输电塔)*2 + 1103(钢材)*12 + 1113(晶格硅)*6 -> 3007(信号塔)*1,360(6.0s)
132,行星护盾发生器,Assemble,1103(钢材)*20 + 1204(电磁涡轮)*20 + 1205(超级磁场环)*5 + 1206(粒子容器)*5 -> 3008(行星护盾发生器)*1,600(10.0s)
133,燃烧单元,Assemble,1006(煤矿)*3 -> 1128(燃烧单元)*1,180(3.0s)
134,爆破单元,Chemical,1128(燃烧单元)*2 + 1115(塑料)*2 + 1116(硫酸)*1 -> 1129(爆破单元)*2,360(6.0s)
135,晶石爆破单元,Chemical,1129(爆破单元)*8 + 1126(卡西米尔晶体)*1 + 1113(晶格硅)*8 -> 1130(晶石爆破单元)*8,1440(24.0s)
136,机枪弹箱,Assemble,1104(铜块)*3 -> 1601(机枪弹箱)*1,60(1.0s)
137,钛化弹箱,Assemble,1601(机枪弹箱)*1 + 1106(钛块)*2 -> 1602(钛化弹箱)*1,120(2.0s)
138,超合金弹箱,Assemble,1602(钛化弹箱)*1 + 1107(钛合金)*1 -> 1603(超合金弹箱)*1,180(3.0s)
139,炮弹组,Assemble,1104(铜块)*9 + 1128(燃烧单元)*2 -> 1604(炮弹组)*1,90(1.5s)
140,高爆炮弹组,Assemble,1604(炮弹组)*1 + 1106(钛块)*6 + 1129(爆破单元)*2 -> 1605(高爆炮弹组)*1,180(3.0s)
141,晶石炮弹组,Assemble,1605(高爆炮弹组)*1 + 1107(钛合金)*3 + 1130(晶石爆破单元)*2 -> 1606(晶石炮弹组)*1,360(6.0s)
142,等离子胶囊,Assemble,1123(石墨烯)*1 + 1102(磁铁)*2 + 1121(重氢)*10 -> 1607(等离子胶囊)*1,120(2.0s)
143,反物质胶囊,Assemble,1607(等离子胶囊)*1 + 1206(粒子容器)*1 + 1120(氢)*10 + 1122(反物质)*10 -> 1608(反物质胶囊)*1,120(2.0s)
144,导弹组,Assemble,1104(铜块)*6 + 1301(电路板)*3 + 1128(燃烧单元)*2 + 1407(动力引擎)*1 -> 1609(导弹组)*1,120(2.0s)
145,超音速导弹组,Assemble,1609(导弹组)*2 + 1303(处理器)*4 + 1129(爆破单元)*4 + 1405(推进器)*2 -> 1610(超音速导弹组)*2,240(4.0s)
146,引力导弹组,Assemble,1610(超音速导弹组)*3 + 1130(晶石爆破单元)*6 + 1127(奇异物质)*3 -> 1611(引力导弹组)*3,360(6.0s)
147,原型机,Assemble,1101(铁块)*3 + 1407(动力引擎)*1 + 1301(电路板)*2 + 1401(电浆激发器)*1 -> 5101(原型机)*1,120(2.0s)
148,精准无人机,Assemble,5101(原型机)*1 + 1204(电磁涡轮)*1 + 1301(电路板)*2 + 1404(光子合并器)*2 -> 5102(精准无人机)*1,240(4.0s)
149,攻击无人机,Assemble,5101(原型机)*1 + 1204(电磁涡轮)*1 + 1303(处理器)*1 + 1206(粒子容器)*1 -> 5103(攻击无人机)*1,240(4.0s)
150,护卫舰,Assemble,1107(钛合金)*5 + 1406(加力推进器)*1 + 1303(处理器)*2 + 1206(粒子容器)*3 -> 5111(护卫舰)*1,300(5.0s)
151,驱逐舰,Assemble,1125(框架材料)*20 + 1406(加力推进器)*4 + 1303(处理器)*4 + 1127(奇异物质)*1 -> 5112(驱逐舰)*1,480(8.0s)
105,动力引擎,Assemble,1202(磁线圈)*1 + 1104(铜块)*2 -> 1407(动力引擎)*1,180(3.0s)
152,战场分析基站,Assemble,1103(钢材)*12 + 1301(电路板)*18 + 1302(微晶元件)*6 + 1407(动力引擎)*12 -> 3009(战场分析基站)*1,360(6.0s)
153,自演化研究站,Assemble,2901(矩阵研究站)*1 + 5202(硅基神经元)*10 + 5201(黑雾矩阵)*20 + 1305(量子芯片)*4 -> 2902(自演化研究站)*1,240(4.0s)
154,重组式制造台,Assemble,2305(制造台MkIII)*1 + 5203(物质重组器)*10 + 5206(能量碎片)*30 + 1305(量子芯片)*4 -> 2318(重组式制造台)*1,300(5.0s)
155,负熵熔炉,Assemble,2315(位面熔炉)*1 + 5204(负熵奇点)*10 + 5206(能量碎片)*30 + 1305(量子芯片)*4 -> 2319(负熵熔炉)*1,360(6.0s)
156,奇异湮灭燃料棒,Assemble,1803(反物质燃料棒)*8 + 5205(核心素)*1 + 1127(奇异物质)*2 + 1125(框架材料)*1 -> 1804(奇异湮灭燃料棒)*1,1920(32.0s)
157,近程电浆塔,Assemble,1103(钢材)*15 + 1205(超级磁场环)*5 + 1401(电浆激发器)*5 + 1303(处理器)*5 -> 3010(近程电浆塔)*1,480(8.0s)
158,干扰胶囊,Assemble,1204(电磁涡轮)*1 + 1401(电浆激发器)*1 + 1120(氢)*3 -> 1612(干扰胶囊)*1,120(2.0s)
159,压制胶囊,Assemble,1612(干扰胶囊)*2 + 1205(超级磁场环)*1 + 1119(钛化玻璃)*2 -> 1613(压制胶囊)*2,480(8.0s)
160,集装分拣器,Assemble,2013(极速分拣器)*2 + 1205(超级磁场环)*1 + 1303(处理器)*1 -> 2014(集装分拣器)*1,60(1.0s)
530,引力发生装置,Assemble,1107(钛合金)*1 + 1127(奇异物质)*1 -> 9480(引力发生装置)*1,180(3.0s)
531,位面约束环,Assemble,1205(超级磁场环)*2 + 1304(位面过滤器)*1 -> 9481(位面约束环)*2,180(3.0s)
532,引力钻头,Assemble,9480(引力发生装置)*1 + 9481(位面约束环)*1 + 1209(引力透镜)*1 -> 9482(引力钻头)*1,180(3.0s)
533,隧穿激发装置,Assemble,1206(粒子容器)*1 + 1404(光子合并器)*1 -> 9483(隧穿激发装置)*6,360(6.0s)
534,谐振盘,Assemble,9483(隧穿激发装置)*3 + 1113(晶格硅)*2 + 1305(量子芯片)*1 -> 9484(谐振盘)*1,240(4.0s)
535,光子探针,Assemble,1404(光子合并器)*2 + 1208(临界光子)*1 -> 9485(光子探针)*1,240(4.0s)
536,量子计算机,Assemble,1305(量子芯片)*3 + 1402(粒子宽带)*2 + 9483(隧穿激发装置)*1 -> 9486(量子计算机)*1,720(12.0s)
537,星际组装厂组件,Assemble,1125(框架材料)*3 + 2305(制造台MkIII)*3 + 1143(增产剂MkIII)*1 -> 9487(星际组装厂组件)*1,480(8.0s)
550,多功能集成组件,Assemble,9500(多功能集成组件)*1 -> 9500(多功能集成组件)*1,60(1.0s)
538,物质解压器运载火箭,Assemble,9482(引力钻头)*2 + 9484(谐振盘)*1 + 1802(氘核燃料棒)*2 -> 9488(物质解压器运载火箭)*1,480(8.0s)
539,科学枢纽运载火箭,Assemble,9481(位面约束环)*3 + 9486(量子计算机)*1 + 1802(氘核燃料棒)*2 -> 9489(科学枢纽运载火箭)*1,480(8.0s)
540,谐振发射器运载火箭,Assemble,9480(引力发生装置)*1 + 9484(谐振盘)*4 + 1802(氘核燃料棒)*2 -> 9490(谐振发射器运载火箭)*1,480(8.0s)
541,星际组装厂运载火箭,Assemble,9487(星际组装厂组件)*2 + 1802(氘核燃料棒)*2 -> 9491(星际组装厂运载火箭)*1,480(8.0s)
542,晶体重构器运载火箭,Assemble,9485(光子探针)*1 + 1802(氘核燃料棒)*2 + 1305(量子芯片)*2 -> 9492(晶体重构器运载火箭)*1,480(8.0s)
565,力场发生器Recipe,Assemble,9480(引力发生装置)*1 + 9484(谐振盘)*2 -> 9503(力场发生器)*1,240(4.0s)
566,复合态晶体Recipe,Particle,5203(物质重组器)*1 + 1126(卡西米尔晶体)*1 + 1124(碳纳米管)*1 + 1118(钛晶石)*1 + 1120(氢)*1 -> 9504(复合态晶体)*1,600(10.0s)
567,电磁力抑制器Recipe,Assemble,1305(量子芯片)*1 + 1205(超级磁场环)*2 -> 9505(电磁力抑制器)*1,360(6.0s)
568,胶子发生器Recipe,Assemble,9483(隧穿激发装置)*1 + 1402(粒子宽带)*1 + 1122(反物质)*2 -> 9506(胶子发生器)*1,360(6.0s)
569,强力过载装置Recipe,Assemble,9506(胶子发生器)*2 + 9486(量子计算机)*2 -> 9507(强力过载装置)*1,1200(20.0s)
570,导流框架Recipe,Assemble,1125(框架材料)*3 + 9481(位面约束环)*2 + 9503(力场发生器)*3 -> 9508(导流框架)*1,180(3.0s)
571,恒星炮组件Recipe,Assemble,1209(引力透镜)*3 + 9508(导流框架)*2 -> 9509(恒星炮组件)*1,480(8.0s)
572,恒星炮运载火箭Recipe,Assemble,9509(恒星炮组件)*2 + 1802(氘核燃料棒)*2 + 1305(量子芯片)*2 -> 9510(恒星炮运载火箭)*1,360(6.0s)
573,水滴gmRecipe,Assemble,9505(电磁力抑制器)*20 + 9507(强力过载装置)*20 + 9504(复合态晶体)*100 -> 9511(水滴)*1,3600(60.0s)
382,星河卫士奖章Recipe,Smelt,1104(铜块)*2 -> 9513(星河卫士勋章)*1,60(1.0s)
1001,精准分馏塔,Assemble,1101(铁块)*4 + 1108(石材)*2 + 1110(玻璃)*2 + 1301(电路板)*1 -> 2320(精准分馏塔)*1,180(3.0s)
1002,建筑极速分馏塔,Assemble,1101(铁块)*8 + 1108(石材)*4 + 1110(玻璃)*4 + 1301(电路板)*1 -> 2321(建筑极速分馏塔)*1,180(3.0s)
1006,垃圾回收分馏塔,Assemble,1103(钢材)*8 + 1108(石材)*4 + 1110(玻璃)*4 + 1303(处理器)*1 -> 2324(垃圾回收分馏塔)*1,180(3.0s)
1004,点数聚集分馏塔,Assemble,1107(钛合金)*8 + 1123(石墨烯)*4 + 1119(钛化玻璃)*4 + 1303(处理器)*1 -> 2322(点数聚集分馏塔)*1,180(3.0s)
1005,增产分馏塔,Assemble,1107(钛合金)*16 + 1402(粒子宽带)*8 + 1304(位面过滤器)*4 + 1305(量子芯片)*1 + 5203(物质重组器)*30 -> 2323(增产分馏塔)*1,180(3.0s)
554,制造台快速组装,Assemble,9500(多功能集成组件)*1 -> 2305(制造台MkIII)*1,6(0.1s)
551,传送带快速组装,Assemble,9500(多功能集成组件)*1 -> 2003(极速传送带)*60,6(0.1s)
556,化工厂快速组装,Assemble,9500(多功能集成组件)*2 -> 2317(量子化工厂)*1,6(0.1s)
558,对撞机快速组装,Assemble,9500(多功能集成组件)*2 -> 2310(微型粒子对撞机)*1,6(0.1s)
562,星际物流快速组装,Assemble,9500(多功能集成组件)*5 -> 2104(星际物流运输站)*1 + 5002(星际物流运输船)*10,6(0.1s)
559,研究站快速组装,Assemble,9500(多功能集成组件)*1 -> 2901(矩阵研究站)*2,6(0.1s)
561,行星内物流快速组装,Assemble,9500(多功能集成组件)*3 -> 2103(行星内物流运输站)*1 + 5001(物流运输机)*30,6(0.1s)
553,配电站快速组装,Assemble,9500(多功能集成组件)*1 -> 2212(卫星配电站)*5,6(0.1s)
560,人造恒星快速组装,Assemble,9500(多功能集成组件)*5 -> 2210(人造恒星)*1,6(0.1s)
557,精炼厂快速组装,Assemble,9500(多功能集成组件)*1 -> 2308(原油精炼厂)*2,6(0.1s)
555,位面熔炉快速组装,Assemble,9500(多功能集成组件)*1 -> 2315(位面熔炉)*1,6(0.1s)
552,分拣器快速组装,Assemble,9500(多功能集成组件)*1 -> 2013(极速分拣器)*10,6(0.1s)
543,铁金属重构装置,Assemble,1103(钢材)*20 + 1404(光子合并器)*10 + 1303(处理器)*5 + 9481(位面约束环)*2 -> 9493(铁金属重构装置)*1,480(8.0s)
544,铜金属重构装置,Assemble,1103(钢材)*20 + 1404(光子合并器)*10 + 1303(处理器)*5 + 9481(位面约束环)*2 -> 9494(铜金属重构装置)*1,480(8.0s)
545,高纯硅重构装置,Assemble,1103(钢材)*20 + 1404(光子合并器)*10 + 1303(处理器)*5 + 9481(位面约束环)*2 -> 9495(高纯硅重构装置)*1,480(8.0s)
546,钛金属重构装置,Assemble,1103(钢材)*20 + 1404(光子合并器)*10 + 1303(处理器)*5 + 9481(位面约束环)*2 -> 9496(钛金属重构装置)*1,480(8.0s)
547,单极磁石重构装置,Assemble,1103(钢材)*20 + 1404(光子合并器)*10 + 1303(处理器)*5 + 9481(位面约束环)*2 -> 9497(单极磁石重构装置)*1,480(8.0s)
548,晶体接收器,Assemble,1107(钛合金)*10 + 1404(光子合并器)*10 + 1303(处理器)*5 + 1206(粒子容器)*5 -> 9498(晶体接收器)*1,480(8.0s)
549,组件集成装置,Assemble,1125(框架材料)*10 + 1404(光子合并器)*10 + 1303(处理器)*5 + 1206(粒子容器)*5 -> 9499(组件集成装置)*1,480(8.0s)
563,石墨提炼装置,Assemble,1103(钢材)*20 + 1404(光子合并器)*10 + 1303(处理器)*5 + 9481(位面约束环)*2 -> 9501(石墨提炼装置)*1,480(8.0s)
564,光栅晶体接收器,Assemble,1107(钛合金)*10 + 1404(光子合并器)*10 + 1303(处理器)*5 + 1206(粒子容器)*5 -> 9502(光栅晶体接收器)*1,480(8.0s)
575,物资交换物流站,Assemble,2104(星际物流运输站)*1 + 2208(射线重构站)*1 -> 9512(物资交换物流站)*1,480(8.0s)
452,熔炉采矿机A型,Assemble,2301(采矿机)*1 + 1107(钛合金)*10 + 1119(钛化玻璃)*10 -> 9446(熔炉采矿机A型)*1,60(1.0s)
472,大型熔炉采矿机A型,Assemble,2316(大型采矿机)*1 + 1107(钛合金)*20 + 1119(钛化玻璃)*20 -> 9466(大型熔炉采矿机A型)*1,60(1.0s)
453,熔炉采矿机B型,Assemble,2301(采矿机)*1 + 1107(钛合金)*10 + 1119(钛化玻璃)*10 -> 9447(熔炉采矿机B型)*1,60(1.0s)
473,大型熔炉采矿机B型,Assemble,2316(大型采矿机)*1 + 1107(钛合金)*20 + 1119(钛化玻璃)*20 -> 9467(大型熔炉采矿机B型)*1,60(1.0s)
454,化工采矿机C型,Assemble,2301(采矿机)*1 + 1107(钛合金)*20 + 1305(量子芯片)*5 -> 9448(化工采矿机C型)*1,60(1.0s)
474,大型化工采矿机C型,Assemble,2316(大型采矿机)*1 + 1107(钛合金)*30 + 1305(量子芯片)*10 -> 9468(大型化工采矿机C型)*1,60(1.0s)
475,等离子精炼油井,Assemble,2301(采矿机)*1 + 1401(电浆激发器)*30 + 1119(钛化玻璃)*15 -> 9469(等离子精炼油井)*1,60(1.0s)
1010,行星内物流运输站分馏,Fractionate,2107(物流配送器)*100 -> 2103(行星内物流运输站)*1,60(1.0s)
1011,星际物流运输站分馏,Fractionate,2103(行星内物流运输站)*100 -> 2104(星际物流运输站)*1,60(1.0s)
1012,物资交换物流站分馏,Fractionate,2104(星际物流运输站)*100 -> 9512(物资交换物流站)*1,60(1.0s)
1013,轨道采集器分馏,Fractionate,9512(物资交换物流站)*100 -> 2105(轨道采集器)*1,60(1.0s)
1014,物流配送器分馏,Fractionate,2105(轨道采集器)*100 -> 2107(物流配送器)*1,60(1.0s)
1015,谐振发射器运载火箭分馏,Fractionate,9488(物质解压器运载火箭)*100 -> 9490(谐振发射器运载火箭)*1,60(1.0s)
1016,星际组装厂运载火箭分馏,Fractionate,9490(谐振发射器运载火箭)*100 -> 9491(星际组装厂运载火箭)*1,60(1.0s)
1017,晶体重构器运载火箭分馏,Fractionate,9491(星际组装厂运载火箭)*100 -> 9492(晶体重构器运载火箭)*1,60(1.0s)
1018,恒星炮运载火箭分馏,Fractionate,9492(晶体重构器运载火箭)*100 -> 9510(恒星炮运载火箭)*1,60(1.0s)
1019,科学枢纽运载火箭分馏,Fractionate,9510(恒星炮运载火箭)*100 -> 9489(科学枢纽运载火箭)*1,60(1.0s)
1020,物质解压器运载火箭分馏,Fractionate,9489(科学枢纽运载火箭)*100 -> 9488(物质解压器运载火箭)*1,60(1.0s)
1021,铁矿分馏,Fractionate,1001(铁矿)*100 -> 1001(铁矿)*1,60(1.0s)
1022,铜矿分馏,Fractionate,1002(铜矿)*100 -> 1002(铜矿)*1,60(1.0s)
1023,硅石分馏,Fractionate,1003(硅石)*100 -> 1003(硅石)*1,60(1.0s)
1024,钛石分馏,Fractionate,1004(钛石)*100 -> 1004(钛石)*1,60(1.0s)
1025,石矿分馏,Fractionate,1005(石矿)*100 -> 1005(石矿)*1,60(1.0s)
1026,煤矿分馏,Fractionate,1006(煤矿)*100 -> 1006(煤矿)*1,60(1.0s)
1027,可燃冰分馏,Fractionate,1011(可燃冰)*100 -> 1011(可燃冰)*1,60(1.0s)
1028,金伯利矿石分馏,Fractionate,1012(金伯利矿石)*100 -> 1012(金伯利矿石)*1,60(1.0s)
1029,分形硅石分馏,Fractionate,1013(分形硅石)*100 -> 1013(分形硅石)*1,60(1.0s)
1030,光栅石分馏,Fractionate,1014(光栅石)*100 -> 1014(光栅石)*1,60(1.0s)
1031,刺笋结晶分馏,Fractionate,1015(刺笋结晶)*100 -> 1015(刺笋结晶)*1,60(1.0s)
1032,单极磁石分馏,Fractionate,1016(单极磁石)*100 -> 1016(单极磁石)*1,60(1.0s)
1033,有机晶体分馏,Fractionate,1117(有机晶体)*100 -> 1117(有机晶体)*1,60(1.0s)
1034,钢材分馏,Fractionate,1101(铁块)*100 -> 1103(钢材)*1,60(1.0s)
1035,钛合金分馏,Fractionate,1103(钢材)*100 -> 1107(钛合金)*1,60(1.0s)
1036,戴森球组件分馏,Fractionate,1125(框架材料)*100 -> 1502(戴森球组件)*1,60(1.0s)
1037,小型运载火箭分馏,Fractionate,1502(戴森球组件)*100 -> 1503(小型运载火箭)*1,60(1.0s)
1038,晶格硅分馏,Fractionate,1105(高纯硅块)*100 -> 1113(晶格硅)*1,60(1.0s)
1039,地基分馏,Fractionate,1108(石材)*100 -> 1131(地基)*1,60(1.0s)
1040,钛化玻璃分馏,Fractionate,1110(玻璃)*100 -> 1119(钛化玻璃)*1,60(1.0s)
1041,位面过滤器分馏,Fractionate,1119(钛化玻璃)*100 -> 1304(位面过滤器)*1,60(1.0s)
1042,电浆激发器分馏,Fractionate,1111(棱镜)*100 -> 1401(电浆激发器)*1,60(1.0s)
1043,光子合并器分馏,Fractionate,1401(电浆激发器)*100 -> 1404(光子合并器)*1,60(1.0s)
1044,太阳帆分馏,Fractionate,1404(光子合并器)*100 -> 1501(太阳帆)*1,60(1.0s)
1045,金刚石分馏,Fractionate,1109(高能石墨)*100 -> 1112(金刚石)*1,60(1.0s)
1046,碳纳米管分馏,Fractionate,1123(石墨烯)*100 -> 1124(碳纳米管)*1,60(1.0s)
1047,粒子宽带分馏,Fractionate,1124(碳纳米管)*100 -> 1402(粒子宽带)*1,60(1.0s)
1048,奇异物质分馏,Fractionate,1206(粒子容器)*100 -> 1127(奇异物质)*1,60(1.0s)
1049,引力透镜分馏,Fractionate,1127(奇异物质)*100 -> 1209(引力透镜)*1,60(1.0s)
1050,空间翘曲器分馏,Fractionate,1209(引力透镜)*100 -> 1210(空间翘曲器)*1,60(1.0s)
1051,塑料分馏,Fractionate,1114(精炼油)*100 -> 1115(塑料)*1,60(1.0s)
1052,有机晶体分馏,Fractionate,1115(塑料)*100 -> 1117(有机晶体)*1,60(1.0s)
1053,卡西米尔晶体分馏,Fractionate,1118(钛晶石)*100 -> 1126(卡西米尔晶体)*1,60(1.0s)
1054,硫酸分馏,Fractionate,1000(水)*100 -> 1116(硫酸)*1,60(1.0s)
1055,水分馏,Fractionate,1116(硫酸)*100 -> 1000(水)*1,60(1.0s)
1056,磁线圈分馏,Fractionate,1102(磁铁)*100 -> 1202(磁线圈)*1,60(1.0s)
1057,电动机分馏,Fractionate,1202(磁线圈)*100 -> 1203(电动机)*1,60(1.0s)
1058,电磁涡轮分馏,Fractionate,1203(电动机)*100 -> 1204(电磁涡轮)*1,60(1.0s)
1059,超级磁场环分馏,Fractionate,1204(电磁涡轮)*100 -> 1205(超级磁场环)*1,60(1.0s)
1060,电动机分馏,Fractionate,1205(超级磁场环)*100 -> 1203(电动机)*1,60(1.0s)
1061,处理器分馏,Fractionate,1301(电路板)*100 -> 1303(处理器)*1,60(1.0s)
1062,量子芯片分馏,Fractionate,1303(处理器)*100 -> 1305(量子芯片)*1,60(1.0s)
1063,电路板分馏,Fractionate,1305(量子芯片)*100 -> 1301(电路板)*1,60(1.0s)
1064,精准无人机分馏,Fractionate,5101(原型机)*100 -> 5102(精准无人机)*1,60(1.0s)
1065,攻击无人机分馏,Fractionate,5102(精准无人机)*100 -> 5103(攻击无人机)*1,60(1.0s)
1066,原型机分馏,Fractionate,5103(攻击无人机)*100 -> 5101(原型机)*1,60(1.0s)
1067,驱逐舰分馏,Fractionate,5111(护卫舰)*100 -> 5112(驱逐舰)*1,60(1.0s)
1068,护卫舰分馏,Fractionate,5112(驱逐舰)*100 -> 5111(护卫舰)*1,60(1.0s)
1069,反物质分馏,Fractionate,1208(临界光子)*100 -> 1122(反物质)*1,60(1.0s)
1070,临界光子分馏,Fractionate,1122(反物质)*100 -> 1208(临界光子)*1,60(1.0s)
1071,黑雾矩阵分馏,Fractionate,5206(能量碎片)*100 -> 5201(黑雾矩阵)*1,60(1.0s)
1072,物质重组器分馏,Fractionate,5201(黑雾矩阵)*100 -> 5203(物质重组器)*1,60(1.0s)
1073,硅基神经元分馏,Fractionate,5203(物质重组器)*100 -> 5202(硅基神经元)*1,60(1.0s)
1074,负熵奇点分馏,Fractionate,5202(硅基神经元)*100 -> 5204(负熵奇点)*1,60(1.0s)
1075,核心素分馏,Fractionate,5204(负熵奇点)*100 -> 5205(核心素)*1,60(1.0s)
1076,能量碎片分馏,Fractionate,5205(核心素)*100 -> 5206(能量碎片)*1,60(1.0s)
1077,能量矩阵分馏,Fractionate,6001(电磁矩阵)*100 -> 6002(能量矩阵)*1,60(1.0s)
1078,结构矩阵分馏,Fractionate,6002(能量矩阵)*100 -> 6003(结构矩阵)*1,60(1.0s)
1079,信息矩阵分馏,Fractionate,6003(结构矩阵)*100 -> 6004(信息矩阵)*1,60(1.0s)
1080,引力矩阵分馏,Fractionate,6004(信息矩阵)*100 -> 6005(引力矩阵)*1,60(1.0s)
1081,电磁矩阵分馏,Fractionate,6005(引力矩阵)*100 -> 6001(电磁矩阵)*1,60(1.0s)
1082,增产剂MkII分馏,Fractionate,1141(增产剂MkI)*100 -> 1142(增产剂MkII)*1,60(1.0s)
1083,增产剂MkIII分馏,Fractionate,1142(增产剂MkII)*100 -> 1143(增产剂MkIII)*1,60(1.0s)
1084,增产剂MkI分馏,Fractionate,1143(增产剂MkIII)*100 -> 1141(增产剂MkI)*1,60(1.0s)
1085,爆破单元分馏,Fractionate,1128(燃烧单元)*100 -> 1129(爆破单元)*1,60(1.0s)
1086,晶石爆破单元分馏,Fractionate,1129(爆破单元)*100 -> 1130(晶石爆破单元)*1,60(1.0s)
1087,燃烧单元分馏,Fractionate,1130(晶石爆破单元)*100 -> 1128(燃烧单元)*1,60(1.0s)
1088,推进器分馏,Fractionate,1407(动力引擎)*100 -> 1405(推进器)*1,60(1.0s)
1089,加力推进器分馏,Fractionate,1405(推进器)*100 -> 1406(加力推进器)*1,60(1.0s)
1090,动力引擎分馏,Fractionate,1406(加力推进器)*100 -> 1407(动力引擎)*1,60(1.0s)
1091,物流运输机分馏,Fractionate,5003(配送运输机)*100 -> 5001(物流运输机)*1,60(1.0s)
1092,星际物流运输船分馏,Fractionate,5001(物流运输机)*100 -> 5002(星际物流运输船)*1,60(1.0s)
1093,配送运输机分馏,Fractionate,5002(星际物流运输船)*100 -> 5003(配送运输机)*1,60(1.0s)
1094,氘核燃料棒分馏,Fractionate,1801(液氢燃料棒)*100 -> 1802(氘核燃料棒)*1,60(1.0s)
1095,反物质燃料棒分馏,Fractionate,1802(氘核燃料棒)*100 -> 1803(反物质燃料棒)*1,60(1.0s)
1096,奇异湮灭燃料棒分馏,Fractionate,1803(反物质燃料棒)*100 -> 1804(奇异湮灭燃料棒)*1,60(1.0s)
1097,液氢燃料棒分馏,Fractionate,1804(奇异湮灭燃料棒)*100 -> 1801(液氢燃料棒)*1,60(1.0s)
1098,钛化弹箱分馏,Fractionate,1601(机枪弹箱)*100 -> 1602(钛化弹箱)*1,60(1.0s)
1099,超合金弹箱分馏,Fractionate,1602(钛化弹箱)*100 -> 1603(超合金弹箱)*1,60(1.0s)
1100,机枪弹箱分馏,Fractionate,1603(超合金弹箱)*100 -> 1601(机枪弹箱)*1,60(1.0s)
1101,高爆炮弹组分馏,Fractionate,1604(炮弹组)*100 -> 1605(高爆炮弹组)*1,60(1.0s)
1102,晶石炮弹组分馏,Fractionate,1605(高爆炮弹组)*100 -> 1606(晶石炮弹组)*1,60(1.0s)
1103,炮弹组分馏,Fractionate,1606(晶石炮弹组)*100 -> 1604(炮弹组)*1,60(1.0s)
1104,超音速导弹组分馏,Fractionate,1609(导弹组)*100 -> 1610(超音速导弹组)*1,60(1.0s)
1105,引力导弹组分馏,Fractionate,1610(超音速导弹组)*100 -> 1611(引力导弹组)*1,60(1.0s)
1106,导弹组分馏,Fractionate,1611(引力导弹组)*100 -> 1609(导弹组)*1,60(1.0s)
1107,反物质胶囊分馏,Fractionate,1607(等离子胶囊)*100 -> 1608(反物质胶囊)*1,60(1.0s)
1108,等离子胶囊分馏,Fractionate,1608(反物质胶囊)*100 -> 1607(等离子胶囊)*1,60(1.0s)
1109,压制胶囊分馏,Fractionate,1612(干扰胶囊)*100 -> 1613(压制胶囊)*1,60(1.0s)
1110,干扰胶囊分馏,Fractionate,1613(压制胶囊)*100 -> 1612(干扰胶囊)*1,60(1.0s)
1111,无线输电塔分馏,Fractionate,2201(电力感应塔)*100 -> 2202(无线输电塔)*1,60(1.0s)
1112,卫星配电站分馏,Fractionate,2202(无线输电塔)*100 -> 2212(卫星配电站)*1,60(1.0s)
1113,电力感应塔分馏,Fractionate,2212(卫星配电站)*100 -> 2201(电力感应塔)*1,60(1.0s)
1114,太阳能板分馏,Fractionate,2203(风力涡轮机)*100 -> 2205(太阳能板)*1,60(1.0s)
1115,蓄电器分馏,Fractionate,2205(太阳能板)*100 -> 2206(蓄电器)*1,60(1.0s)
1116,蓄电器满分馏,Fractionate,2206(蓄电器)*100 -> 2207(蓄电器满)*1,60(1.0s)
1117,能量枢纽分馏,Fractionate,2207(蓄电器满)*100 -> 2209(能量枢纽)*1,60(1.0s)
1118,风力涡轮机分馏,Fractionate,2209(能量枢纽)*100 -> 2203(风力涡轮机)*1,60(1.0s)
1119,地热发电站分馏,Fractionate,2204(火力发电厂)*100 -> 2213(地热发电站)*1,60(1.0s)
1120,微型聚变发电站分馏,Fractionate,2213(地热发电站)*100 -> 2211(微型聚变发电站)*1,60(1.0s)
1121,人造恒星分馏,Fractionate,2211(微型聚变发电站)*100 -> 2210(人造恒星)*1,60(1.0s)
1122,火力发电厂分馏,Fractionate,2210(人造恒星)*100 -> 2204(火力发电厂)*1,60(1.0s)
1123,高速传送带分馏,Fractionate,2001(传送带)*100 -> 2002(高速传送带)*1,60(1.0s)
1124,极速传送带分馏,Fractionate,2002(高速传送带)*100 -> 2003(极速传送带)*1,60(1.0s)
1125,传送带分馏,Fractionate,2003(极速传送带)*100 -> 2001(传送带)*1,60(1.0s)
1126,四向分流器分馏,Fractionate,2030(流速监测器)*100 -> 2020(四向分流器)*1,60(1.0s)
1127,喷涂机分馏,Fractionate,2020(四向分流器)*100 -> 2313(喷涂机)*1,60(1.0s)
1128,自动集装机分馏,Fractionate,2313(喷涂机)*100 -> 2040(自动集装机)*1,60(1.0s)
1129,流速监测器分馏,Fractionate,2040(自动集装机)*100 -> 2030(流速监测器)*1,60(1.0s)
1130,储液罐分馏,Fractionate,2101(小型储物仓)*100 -> 2106(储液罐)*1,60(1.0s)
1131,大型储物仓分馏,Fractionate,2106(储液罐)*100 -> 2102(大型储物仓)*1,60(1.0s)
1132,小型储物仓分馏,Fractionate,2102(大型储物仓)*100 -> 2101(小型储物仓)*1,60(1.0s)
1133,高速分拣器分馏,Fractionate,2011(分拣器)*100 -> 2012(高速分拣器)*1,60(1.0s)
1134,极速分拣器分馏,Fractionate,2012(高速分拣器)*100 -> 2013(极速分拣器)*1,60(1.0s)
1135,集装分拣器分馏,Fractionate,2013(极速分拣器)*100 -> 2014(集装分拣器)*1,60(1.0s)
1136,分拣器分馏,Fractionate,2014(集装分拣器)*100 -> 2011(分拣器)*1,60(1.0s)
1137,大型采矿机分馏,Fractionate,2301(采矿机)*100 -> 2316(大型采矿机)*1,60(1.0s)
1138,采矿机分馏,Fractionate,2316(大型采矿机)*100 -> 2301(采矿机)*1,60(1.0s)
1139,原油萃取站分馏,Fractionate,2306(抽水站)*100 -> 2307(原油萃取站)*1,60(1.0s)
1140,原油精炼厂分馏,Fractionate,2307(原油萃取站)*100 -> 2308(原油精炼厂)*1,60(1.0s)
1141,抽水站分馏,Fractionate,2308(原油精炼厂)*100 -> 2306(抽水站)*1,60(1.0s)
1142,量子化工厂分馏,Fractionate,2309(化工厂)*100 -> 2317(量子化工厂)*1,60(1.0s)
1143,化工厂分馏,Fractionate,2317(量子化工厂)*100 -> 2309(化工厂)*1,60(1.0s)
1144,微型粒子对撞机分馏,Fractionate,2310(微型粒子对撞机)*100 -> 2310(微型粒子对撞机)*1,60(1.0s)
1145,位面熔炉分馏,Fractionate,2302(电弧熔炉)*100 -> 2315(位面熔炉)*1,60(1.0s)
1146,负熵熔炉分馏,Fractionate,2315(位面熔炉)*100 -> 2319(负熵熔炉)*1,60(1.0s)
1147,电弧熔炉分馏,Fractionate,2319(负熵熔炉)*100 -> 2302(电弧熔炉)*1,60(1.0s)
1148,制造台MkII分馏,Fractionate,2303(制造台MkI)*100 -> 2304(制造台MkII)*1,60(1.0s)
1149,制造台MkIII分馏,Fractionate,2304(制造台MkII)*100 -> 2305(制造台MkIII)*1,60(1.0s)
1150,重组式制造台分馏,Fractionate,2305(制造台MkIII)*100 -> 2318(重组式制造台)*1,60(1.0s)
1151,制造台MkI分馏,Fractionate,2318(重组式制造台)*100 -> 2303(制造台MkI)*1,60(1.0s)
1152,自演化研究站分馏,Fractionate,2901(矩阵研究站)*100 -> 2902(自演化研究站)*1,60(1.0s)
1153,矩阵研究站分馏,Fractionate,2902(自演化研究站)*100 -> 2901(矩阵研究站)*1,60(1.0s)
1154,射线重构站分馏,Fractionate,2311(电磁轨道弹射器)*100 -> 2208(射线重构站)*1,60(1.0s)
1155,垂直发射井分馏,Fractionate,2208(射线重构站)*100 -> 2312(垂直发射井)*1,60(1.0s)
1156,电磁轨道弹射器分馏,Fractionate,2312(垂直发射井)*100 -> 2311(电磁轨道弹射器)*1,60(1.0s)
1157,导弹防御塔分馏,Fractionate,3001(高斯机枪塔)*100 -> 3005(导弹防御塔)*1,60(1.0s)
1158,聚爆加农炮分馏,Fractionate,3005(导弹防御塔)*100 -> 3003(聚爆加农炮)*1,60(1.0s)
1159,高斯机枪塔分馏,Fractionate,3003(聚爆加农炮)*100 -> 3001(高斯机枪塔)*1,60(1.0s)
1160,磁化电浆炮分馏,Fractionate,3002(高频激光塔)*100 -> 3004(磁化电浆炮)*1,60(1.0s)
1161,近程电浆塔分馏,Fractionate,3004(磁化电浆炮)*100 -> 3010(近程电浆塔)*1,60(1.0s)
1162,高频激光塔分馏,Fractionate,3010(近程电浆塔)*100 -> 3002(高频激光塔)*1,60(1.0s)
1163,信号塔分馏,Fractionate,3009(战场分析基站)*100 -> 3007(信号塔)*1,60(1.0s)
1164,干扰塔分馏,Fractionate,3007(信号塔)*100 -> 3006(干扰塔)*1,60(1.0s)
1165,行星护盾发生器分馏,Fractionate,3006(干扰塔)*100 -> 3008(行星护盾发生器)*1,60(1.0s)
1166,战场分析基站分馏,Fractionate,3008(行星护盾发生器)*100 -> 3009(战场分析基站)*1,60(1.0s)
1167,建筑极速分馏塔分馏,Fractionate,2320(精准分馏塔)*100 -> 2321(建筑极速分馏塔)*1,60(1.0s)
1168,垃圾回收分馏塔分馏,Fractionate,2321(建筑极速分馏塔)*100 -> 2324(垃圾回收分馏塔)*1,60(1.0s)
1169,通用分馏塔分馏,Fractionate,2324(垃圾回收分馏塔)*100 -> 2314(通用分馏塔)*1,60(1.0s)
1170,点数聚集分馏塔分馏,Fractionate,2314(通用分馏塔)*100 -> 2322(点数聚集分馏塔)*1,60(1.0s)
1171,增产分馏塔分馏,Fractionate,2322(点数聚集分馏塔)*100 -> 2323(增产分馏塔)*1,60(1.0s)
1172,精准分馏塔分馏,Fractionate,2323(增产分馏塔)*100 -> 2320(精准分馏塔)*1,60(1.0s)


科技ID,科技名称,解锁配方
1,戴森球计划,铁矿分馏,铜矿分馏,石矿分馏,煤矿分馏,磁线圈分馏,黑雾矩阵分馏,物质重组器分馏,硅基神经元分馏,负熵奇点分馏,核心素分馏,能量碎片分馏
1001,电磁学,风力涡轮机,电力感应塔,采矿机
1002,电磁矩阵,电磁矩阵,矩阵研究站
1101,高效电浆控制,棱镜,电浆激发器,无线输电塔,电浆激发器分馏,无线输电塔分馏
1102,等离子萃取精炼,原油萃取站,原油精炼厂,等离子精炼,原油萃取站分馏,原油精炼厂分馏,抽水站分馏
1103,X射线裂解,X射线裂解
1104,重整精炼,重整精炼
1111,能量矩阵,能量矩阵,能量矩阵分馏
1112,氢燃料棒,液氢燃料棒
1113,推进器,推进器,推进器分馏
1114,加力推进器,加力推进器,加力推进器分馏,动力引擎分馏
1120,流体储存封装,储液罐,抽水站,储液罐分馏
1121,基础化工,化工厂,塑料,硫酸,塑料分馏,硫酸分馏,水分馏
1122,高分子化工,有机晶体,有机晶体原始,有机晶体分馏,有机晶体分馏
1123,高强度晶体,钛晶石
1124,结构矩阵,结构矩阵,结构矩阵分馏
1125,卡西米尔晶体,卡西米尔晶体,卡西米尔晶体高效,光栅石分馏,卡西米尔晶体分馏
1126,高强度玻璃,钛化玻璃,熔炉采矿机A型,熔炉采矿机B型,等离子精炼油井,钛化玻璃分馏
1131,应用型超导体,石墨烯,石墨烯高效,可燃冰分馏
1132,高强度材料,碳纳米管,碳纳米管高效,刺笋结晶分馏,碳纳米管分馏
1133,粒子可控,粒子宽带,晶格硅高效,分形硅石分馏,粒子宽带分馏
1134,通用分馏,分馏塔,重氢分馏,通用分馏塔分馏
1141,波函数干扰,位面过滤器,位面约束环,位面过滤器分馏
1142,微型粒子对撞机,微型粒子对撞机,重氢,微型粒子对撞机分馏
1143,奇异物质,奇异物质,奇异物质分馏
1144,人造恒星,人造恒星,人造恒星快速组装,人造恒星分馏,火力发电厂分馏
1145,可控湮灭反应,湮灭约束球,反物质燃料棒,反物质燃料棒分馏
1151,增产剂MkI,增产剂MkI,喷涂机,喷涂机分馏
1152,增产剂MkII,增产剂MkII,增产剂MkII分馏
1153,增产剂MkIII,增产剂MkIII,增产剂MkIII分馏,增产剂MkI分馏
1201,基础制造,制造台MkI
1202,高速制造,制造台MkII,制造台MkII分馏
1203,量子打印,制造台MkIII,多功能集成组件,制造台快速组装,传送带快速组装,对撞机快速组装,研究站快速组装,配电站快速组装,精炼厂快速组装,位面熔炉快速组装,分拣器快速组装,制造台MkIII分馏
1302,处理器,处理器,处理器分馏
1303,量子芯片,量子芯片,谐振盘,量子计算机,星际组装厂组件,化工采矿机C型,量子芯片分馏,电路板分馏
1304,光子聚束采矿,大型采矿机,大型熔炉采矿机A型,大型熔炉采矿机B型,大型化工采矿机C型,大型采矿机分馏,采矿机分馏
1305,亚微观量子纠缠,量子化工厂,化工厂快速组装,量子化工厂分馏,化工厂分馏
1311,半导体材料,微晶元件
1312,信息矩阵,信息矩阵,信息矩阵分馏
1401,自动化冶金,电弧熔炉,玻璃
1402,冶炼提纯,硅石,高能石墨,高纯硅块,硅石分馏
1403,晶体冶炼,金刚石,金刚石高效,晶格硅,金伯利矿石分馏,晶格硅分馏,金刚石分馏
1411,钢材冶炼,钢材,钢材分馏
1412,火力发电,火力发电厂
1413,钛矿冶炼,钛块,钛石分馏
1414,高强度钛合金,钛合金,钛合金分馏
1415,移山填海工程,地基,地基分馏
1416,微型核聚变发电,微型聚变发电站,氘核燃料棒,氘核燃料棒分馏,微型聚变发电站分馏
1417,位面冶金,位面熔炉,位面熔炉分馏
1501,太阳能收集,太阳能板,太阳能板分馏
1502,光子变频,光子合并器,光子合并器高效,光子合并器分馏
1503,太阳帆轨道系统,太阳帆,电磁轨道弹射器,太阳帆分馏
1504,射线接收站,射线重构站,光子探针,铁金属重构装置,铜金属重构装置,高纯硅重构装置,钛金属重构装置,单极磁石重构装置,晶体接收器,组件集成装置,石墨提炼装置,光栅晶体接收器,物资交换物流站,射线重构站分馏
1505,行星电离层利用
1506,狄拉克逆变机制,质能储存,反物质分馏,临界光子分馏
1507,宇宙矩阵,宇宙矩阵
1508,任务完成,科学枢纽运载火箭,科学枢纽运载火箭分馏
1511,能量储存,蓄电器,蓄电器分馏,蓄电器满分馏
1512,星际电力运输,能量枢纽,能量枢纽分馏,风力涡轮机分馏
1513,地热开采,地热发电站,地热发电站分馏
1521,高强度轻质结构,框架材料,戴森球组件,戴森球组件分馏
1522,垂直发射井,垂直发射井,小型运载火箭,物质解压器运载火箭,谐振发射器运载火箭,星际组装厂运载火箭,晶体重构器运载火箭,谐振发射器运载火箭分馏,星际组装厂运载火箭分馏,晶体重构器运载火箭分馏,物质解压器运载火箭分馏,小型运载火箭分馏,垂直发射井分馏,电磁轨道弹射器分馏
1523,戴森球应力系统
1601,基础物流系统,传送带,分拣器,小型储物仓
1602,改良物流系统,四向分流器,高速分拣器,流速监测器,四向分流器分馏,高速分拣器分馏
1603,高效物流系统,高速传送带,极速分拣器,大型储物仓,高速传送带分馏,大型储物仓分馏,小型储物仓分馏,极速分拣器分馏
1604,行星物流系统,极速传送带,行星内物流运输站,物流运输机,行星内物流快速组装,行星内物流运输站分馏,物流运输机分馏,极速传送带分馏,传送带分馏
1605,星际物流系统,星际物流运输站,星际物流运输船,星际物流快速组装,星际物流运输站分馏,物资交换物流站分馏,星际物流运输船分馏,配送运输机分馏
1606,气态行星开采,轨道采集器,轨道采集器分馏,物流配送器分馏
1607,集装物流系统,自动集装机,集装分拣器,自动集装机分馏,流速监测器分馏,集装分拣器分馏,分拣器分馏
1608,配送物流系统,物流配送器,配送运输机
1701,电磁驱动,电动机,电动机分馏
1702,磁悬浮,电磁涡轮,电磁涡轮分馏
1703,粒子磁力阱,粒子容器,粒子容器高效,隧穿激发装置,单极磁石分馏
1704,引力波折射,引力透镜,空间翘曲器,引力发生装置,引力钻头,引力透镜分馏,空间翘曲器分馏
1705,引力矩阵,引力矩阵,空间翘曲器高级,引力矩阵分馏,电磁矩阵分馏
1711,超级磁场发生器,超级磁场环,超级磁场环分馏,电动机分馏
1712,卫星配电系统,卫星配电站,卫星配电站分馏,电力感应塔分馏
1801,武器系统,高斯机枪塔,机枪弹箱
1802,燃烧单元,燃烧单元
1803,爆破单元,爆破单元,爆破单元分馏
1804,晶石爆破单元,晶石爆破单元,晶石爆破单元分馏,燃烧单元分馏
1805,动力引擎,动力引擎
1806,导弹防御塔,导弹防御塔,导弹组,导弹防御塔分馏
1807,聚爆加农炮,聚爆加农炮,炮弹组,聚爆加农炮分馏,高斯机枪塔分馏
1808,信号塔,信号塔,信号塔分馏
1809,行星防御系统,高频激光塔,行星护盾发生器,行星护盾发生器分馏,战场分析基站分馏
1810,干扰塔,干扰塔,干扰胶囊,干扰塔分馏
1811,磁化电浆炮,磁化电浆炮,等离子胶囊,近程电浆塔,磁化电浆炮分馏,近程电浆塔分馏,高频激光塔分馏
1812,钛化弹箱,钛化弹箱,钛化弹箱分馏
1813,超合金弹箱,超合金弹箱,超合金弹箱分馏,机枪弹箱分馏
1814,高爆炮弹组,高爆炮弹组,高爆炮弹组分馏
1815,超音速导弹组,超音速导弹组,超音速导弹组分馏
1816,晶石炮弹组,晶石炮弹组,晶石炮弹组分馏,炮弹组分馏
1817,引力导弹组,引力导弹组,引力导弹组分馏,导弹组分馏
1818,反物质胶囊,反物质胶囊,反物质胶囊分馏,等离子胶囊分馏
1819,原型机,原型机
1820,精准无人机,精准无人机,精准无人机分馏
1821,攻击无人机,攻击无人机,攻击无人机分馏,原型机分馏
1822,护卫舰,护卫舰
1823,驱逐舰,驱逐舰,驱逐舰分馏,护卫舰分馏
1824,压制胶囊,压制胶囊,压制胶囊分馏,干扰胶囊分馏
1826,战场分析基站,战场分析基站
1901,数字模拟计算,自演化研究站,自演化研究站分馏,矩阵研究站分馏
1902,物质重组,重组式制造台,重组式制造台分馏,制造台MkI分馏
1903,负熵递归,负熵熔炉,负熵熔炉分馏,电弧熔炉分馏
1904,高密度可控湮灭,奇异湮灭燃料棒,奇异湮灭燃料棒分馏,液氢燃料棒分馏
2101,机甲核心
2102,机甲核心
2103,机甲核心
2104,机甲核心
2105,机甲核心
2106,机甲核心
2201,机械骨骼
2202,机械骨骼
2203,机械骨骼
2204,机械骨骼
2205,机械骨骼
2206,机械骨骼
2207,机械骨骼
2208,机械骨骼
2301,机舱容量
2302,机舱容量
2303,机舱容量
2304,机舱容量
2305,机舱容量
2306,机舱容量
2307,机舱容量
2401,通讯控制
2402,通讯控制
2403,通讯控制
2404,通讯控制
2405,通讯控制
2406,通讯控制
2407,通讯控制
2501,能量回路
2502,能量回路
2503,能量回路
2504,能量回路
2505,能量回路
2506,能量回路
2601,无人机引擎
2602,无人机引擎
2603,无人机引擎
2604,无人机引擎
2605,无人机引擎
2606,无人机引擎
2701,批量建造
2702,批量建造
2703,批量建造
2704,批量建造
2705,批量建造
2801,能量护盾
2802,能量护盾
2803,能量护盾
2804,能量护盾
2805,能量护盾
2806,能量护盾
2807,能量护盾
2901,驱动引擎
2902,驱动引擎
2903,驱动引擎
2904,驱动引擎
2905,驱动引擎
2906,驱动引擎
2951,自动标记重建
2952,自动标记重建
2953,自动标记重建
2954,自动标记重建
2955,自动标记重建
2956,自动标记重建
3101,太阳帆寿命
3102,太阳帆寿命
3103,太阳帆寿命
3104,太阳帆寿命
3105,太阳帆寿命
3106,太阳帆寿命
3201,射线传输效率
3202,射线传输效率
3203,射线传输效率
3204,射线传输效率
3205,射线传输效率
3206,射线传输效率
3207,射线传输效率
3208,射线传输效率
3301,分拣器货物叠加
3302,分拣器货物叠加
3303,分拣器货物叠加
3304,分拣器货物叠加
3305,分拣器货物叠加
3306,分拣器货物集装
3311,集装分拣器改良
3312,集装分拣器改良
3313,集装分拣器改良
3314,集装分拣器改良
3315,集装分拣器改良
3316,集装分拣器改良
4001,配送范围
4002,配送范围
4003,配送范围
4004,配送范围
4005,配送范围
3401,运输船引擎
3402,运输船引擎
3403,运输船引擎
3404,运输船引擎
3405,运输船引擎
3406,运输船引擎
3407,运输船引擎
3501,运输机舱扩容
3502,运输机舱扩容
3503,运输机舱扩容
3504,运输机舱扩容
3505,运输机舱扩容
3506,运输机舱扩容
3507,运输机舱扩容
3508,运输机舱扩容
3509,运输机舱扩容
3510,运输机舱扩容
3801,运输站集装物流
3802,运输站集装物流
3803,运输站集装物流
3601,矿物利用
3602,矿物利用
3603,矿物利用
3604,矿物利用
3605,矿物利用
3606,矿物利用
3701,垂直建造
3702,垂直建造
3703,垂直建造
3704,垂直建造
3705,垂直建造
3706,垂直建造
3901,研究速度
3902,研究速度
3903,研究速度
3904,研究速度
4101,宇宙探索
4102,宇宙探索
4103,宇宙探索
4104,宇宙探索
5001,动能武器伤害
5002,动能武器伤害
5003,动能武器伤害
5004,动能武器伤害
5005,动能武器伤害
5006,动能武器伤害
5101,能量武器伤害
5102,能量武器伤害
5103,能量武器伤害
5104,能量武器伤害
5105,能量武器伤害
5106,能量武器伤害
5201,爆破武器伤害
5202,爆破武器伤害
5203,爆破武器伤害
5204,爆破武器伤害
5205,爆破武器伤害
5206,爆破武器伤害
5301,战斗无人机伤害
5302,战斗无人机伤害
5303,战斗无人机伤害
5304,战斗无人机伤害
5305,战斗无人机伤害
5401,战斗无人机射速
5402,战斗无人机射速
5403,战斗无人机射速
5404,战斗无人机射速
5405,战斗无人机射速
5601,战斗无人机耐久
5602,战斗无人机耐久
5603,战斗无人机耐久
5604,战斗无人机耐久
5605,战斗无人机耐久
5701,行星护盾
5702,行星护盾
5703,行星护盾
5704,行星护盾
5705,行星护盾
5801,地面编队扩容
5802,地面编队扩容
5803,地面编队扩容
5804,地面编队扩容
5805,地面编队扩容
5806,地面编队扩容
5807,地面编队扩容
5901,太空编队扩容
5902,太空编队扩容
5903,太空编队扩容
5904,太空编队扩容
5905,太空编队扩容
5906,太空编队扩容
5907,太空编队扩容
6001,结构强化
6002,结构强化
6003,结构强化
6004,结构强化
6005,结构强化
6006,结构强化
6101,电磁武器效果
6102,电磁武器效果
6103,电磁武器效果
6104,电磁武器效果
6105,电磁武器效果
6106,电磁武器效果
1918,尼科尔戴森光束,导流框架Recipe,恒星炮组件Recipe,恒星炮运载火箭Recipe,力场发生器Recipe,恒星炮运载火箭分馏
1999,玻色子操控,水滴gmRecipe,电磁力抑制器Recipe,胶子发生器Recipe,强力过载装置Recipe,复合态晶体Recipe
1998,并入COSMO架构
1621,精准分馏,精准分馏塔
1622,建筑极速分馏,建筑极速分馏塔,建筑极速分馏塔分馏
1623,垃圾回收,垃圾回收分馏塔,垃圾回收分馏塔分馏
1159,增产点数聚集,点数聚集分馏塔,点数聚集分馏塔分馏
1908,增产分馏,增产分馏塔,增产分馏塔分馏,精准分馏塔分馏
3807,分馏塔流动输出集装
3804,分馏塔产物输出集装
3805,分馏塔产物输出集装
3806,分馏塔产物输出集装


模型ID,name,displayName,PrefabPath
1,1,,Ore/Prefabs/metal-ore-1
2,2,,Ore/Prefabs/stone-ore-1
3,3,,Ore/Prefabs/bamboo-ore-1
4,4,,Ore/Prefabs/fractal-ore-1
5,5,,Ore/Prefabs/mag-ore-1
6,6,,Ore/Prefabs/oilfield-1
7,7,,Ore/Prefabs/crystal-ore-1
8,8,,
9,9,,
10,10,,
11,11,,
12,12,岩石,Vegetation/Prefabs/stone-1
13,13,岩石,Vegetation/Prefabs/stone-2
14,14,岩石,Vegetation/Prefabs/stone-3
15,15,岩石,Vegetation/Prefabs/stone-4
16,16,岩石,Vegetation/Prefabs/stone-5
17,17,岩石,Vegetation/Prefabs/stone-6
18,18,岩石,Vegetation/Prefabs/stone-7
19,19,岩石,Vegetation/Prefabs/stone-8
20,20,岩石,Vegetation/Prefabs/stone-9
21,21,岩石,Vegetation/Prefabs/stone-10
22,22,岩石,Vegetation/Prefabs/stone-11
23,23,岩石,Vegetation/Prefabs/stone-12
24,24,有机植被,Vegetation/Prefabs/tree-1
25,25,有机植被,Vegetation/Prefabs/tree-2
26,26,有机植被,Vegetation/Prefabs/tree-3
27,27,有机植被,Vegetation/Prefabs/tree-4
28,28,有机植被,Vegetation/Prefabs/tree-5
29,29,有机植被,Vegetation/Prefabs/tree-6
30,30,岩石,Vegetation/Prefabs/iceburg-1
31,31,岩石,Vegetation/Prefabs/iceburg-2
32,32,岩石,Vegetation/Prefabs/iceburg-3
33,33,有机植被,Vegetation/Prefabs/grass-0
34,34,有机植被,Vegetation/Prefabs/grass-1
35,35,低速传送带,Entities/Prefabs/belt-1
36,36,高速传送带,Entities/Prefabs/belt-2
37,37,极速传送带,Entities/Prefabs/belt-3
38,38,四向分流器,Entities/Prefabs/splitter-a
39,39,四向分流器,Entities/Prefabs/splitter-b
40,40,四向分流器,Entities/Prefabs/splitter-c
41,41,低速分拣器,Entities/Prefabs/inserter-1
42,42,高速分拣器,Entities/Prefabs/inserter-2
43,43,极速分拣器,Entities/Prefabs/inserter-3
44,44,电力感应塔,Entities/Prefabs/tesla-tower-1
45,45,能量枢纽,Entities/Prefabs/energy-exchanger
46,46,蓄电器,Entities/Prefabs/accumulator
47,47,物流运输机,Entities/Prefabs/logistic-drone
48,48,星际物流运输船,Entities/Prefabs/logistic-vessel
49,49,物流运输站,Entities/Prefabs/logistic-station
50,50,星际物流运输站,Entities/Prefabs/interstellar-logistic-station
51,51,小型储物仓,Entities/Prefabs/storage-1
52,52,大型储物仓,Entities/Prefabs/storage-2
53,53,风力涡轮机,Entities/Prefabs/wind-turbine
54,54,火力发电厂,Entities/Prefabs/power-generator
55,55,太阳能板,Entities/Prefabs/solar-panel
56,56,人造恒星,Entities/Prefabs/fusion-reactor
57,57,采矿机,Entities/Prefabs/mining-drill
58,58,采矿底座,Entities/Prefabs/mining-drill-worker
59,59,采矿环,Entities/Prefabs/mining-drill-vein-effect
60,60,抽水站,Entities/Prefabs/water-pump
61,61,原油萃取站,Entities/Prefabs/oil-extractor
62,62,电弧熔炉,Entities/Prefabs/smelter
63,63,原油精炼厂,Entities/Prefabs/oil-refinery
64,64,化工厂,Entities/Prefabs/chemical-plant
65,65,制造台 Mk.I,Entities/Prefabs/assembler-mk-1
66,66,制造台 Mk.II,Entities/Prefabs/assembler-mk-2
67,67,制造台 Mk.III,Entities/Prefabs/assembler-mk-3
68,68,卫星配电站,Entities/Prefabs/orbital-substation
69,69,微型粒子对撞机,Entities/Prefabs/hadron-collider
70,70,矩阵研究站,Entities/Prefabs/lab
71,71,无线输电塔,Entities/Prefabs/charging-pole
72,72,电磁轨道弹射器,Entities/Prefabs/em-rail-ejector
73,73,射线接收站,Entities/Prefabs/ray-receiver
74,74,垂直发射井,Entities/Prefabs/vertical-launching-silo
75,75,小型运载火箭,Entities/Prefabs/rocket
76,76,有机植被,Vegetation/Prefabs/grass-2
77,77,有机植被,Vegetation/Prefabs/alien-tree-1
78,78,有机植被,Vegetation/Prefabs/alien-tree-2
79,79,有机植被,Vegetation/Prefabs/alien-tree-3
80,80,有机植被,Vegetation/Prefabs/alien-tree-4
81,81,有机植被,Vegetation/Prefabs/alien-tree-5
82,82,有机植被,Vegetation/Prefabs/alien-tree-6
83,83,有机植被,Vegetation/Prefabs/alien-tree-7
84,84,有机植被,Vegetation/Prefabs/alien-tree-8
85,85,有机植被,Vegetation/Prefabs/alien-tree-9
86,86,有机植被,Vegetation/Prefabs/alien-tree-10
87,87,有机植被,Vegetation/Prefabs/alien-tree-11
88,88,有机植被,Vegetation/Prefabs/alien-tree-12
89,89,有机植被,Vegetation/Prefabs/alien-tree-13
90,90,有机植被,Vegetation/Prefabs/alien-tree-14
91,91,有机植被,Vegetation/Prefabs/alien-tree-15
92,92,有机植被,Vegetation/Prefabs/alien-tree-16
93,93,有机植被,Vegetation/Prefabs/alien-tree-17
94,94,有机植被,Vegetation/Prefabs/alien-tree-18
95,95,有机植被,Vegetation/Prefabs/alien-tree-19
96,96,有机植被,Vegetation/Prefabs/alien-tree-20
97,97,有机植被,Vegetation/Prefabs/alien-tree-21
98,98,有机植被,Vegetation/Prefabs/alien-tree-22
99,99,有机植被,Vegetation/Prefabs/alien-tree-23
100,100,岩石,Vegetation/Prefabs/stylized-stone-1a
101,101,岩石,Vegetation/Prefabs/stylized-stone-1b
102,102,岩石,Vegetation/Prefabs/stylized-stone-1c
103,103,岩石,Vegetation/Prefabs/stylized-stone-2a
104,104,岩石,Vegetation/Prefabs/stylized-stone-2b
105,105,岩石,Vegetation/Prefabs/stylized-stone-2c
106,106,岩石,Vegetation/Prefabs/stylized-stone-3a
107,107,岩石,Vegetation/Prefabs/stylized-stone-3b
108,108,岩石,Vegetation/Prefabs/stylized-stone-3c
109,109,岩石,Vegetation/Prefabs/stylized-stone-4a
110,110,岩石,Vegetation/Prefabs/stylized-stone-4b
111,111,岩石,Vegetation/Prefabs/stylized-stone-4c
112,112,有机植被,Vegetation/Prefabs/alien-tree-24
113,113,有机植被,Vegetation/Prefabs/alien-tree-25
114,114,有机植被,Vegetation/Prefabs/alien-tree-26
115,115,有机植被,Vegetation/Prefabs/alien-tree-27
116,116,有机植被,Vegetation/Prefabs/alien-tree-28
117,117,轨道采集器,Entities/Prefabs/orbital-collector
118,118,微型聚变发电站,Entities/Prefabs/fusion-power-station
119,119,分馏塔,Entities/Prefabs/fractionator
120,120,喷涂机,Entities/Prefabs/spray-coater
121,121,储液罐,Entities/Prefabs/storage-tank
122,122,树35,Vegetation/Prefabs/alien-tree-29
123,123,有机植被,Vegetation/Ocean 1/Prefabs/oc1-tree-1
124,124,有机植被,Vegetation/Ocean 1/Prefabs/oc1-tree-2
125,125,有机植被,Vegetation/Ocean 1/Prefabs/oc1-tree-3
126,126,有机植被,Vegetation/Ocean 1/Prefabs/oc1-tree-4
127,127,有机植被,Vegetation/Ocean 1/Prefabs/oc1-tree-5
128,128,有机植被,Vegetation/Ocean 1/Prefabs/oc1-tree-6
129,129,有机植被,Vegetation/Ocean 1/Prefabs/oc1-grass-7
130,130,有机植被,Vegetation/Ocean 1/Prefabs/oc1-grass-8
131,131,有机植被,Vegetation/Ocean 1/Prefabs/oc1-grass-9
132,132,有机植被,Vegetation/Ocean 1/Prefabs/oc1-grass-10
133,133,岩石,Vegetation/Ocean 1/Prefabs/oc1-stone-1
134,134,岩石,Vegetation/Ocean 1/Prefabs/oc1-stone-2
135,135,岩石,Vegetation/Ocean 1/Prefabs/oc1-stone-3
136,136,岩石,Vegetation/Ocean 1/Prefabs/oc1-stone-4
137,137,岩石,Vegetation/Ocean 1/Prefabs/oc1-stone-5
138,138,岩石,Vegetation/Ocean 1/Prefabs/oc1-stone-6
139,139,岩石,Vegetation/Ocean 1/Prefabs/oc1-stone-7
140,140,岩石,Vegetation/Ocean 1/Prefabs/oc1-stone-8
141,141,岩石,Vegetation/Prefabs/alien-stone-1
142,142,岩石,Vegetation/Prefabs/alien-stone-2
143,143,岩石,Vegetation/Prefabs/alien-stone-3
144,144,岩石,Vegetation/Prefabs/alien-stone-4
145,145,岩石,Vegetation/Prefabs/alien-stone-5
146,146,岩石,Vegetation/Prefabs/alien-stone-6
147,147,岩石,Vegetation/Prefabs/alien-stone-7
148,148,岩石,Vegetation/Prefabs/alien-stone-8
149,149,岩石,Vegetation/Prefabs/alien-stone-9
150,150,岩石,Vegetation/Prefabs/alien-stone-10
151,151,岩石,Vegetation/Prefabs/alien-stone-11
152,152,岩石,Vegetation/Prefabs/alien-stone-12
153,153,岩石,Vegetation/Prefabs/alien-stone-13
154,154,岩石,Vegetation/Prefabs/alien-stone-14
155,155,岩石,Vegetation/Prefabs/alien-stone-15
156,156,岩石,Vegetation/Prefabs/alien-stone-16
157,157,岩石,Vegetation/Prefabs/alien-stone-17
158,158,岩石,Vegetation/Prefabs/alien-stone-18
159,159,岩石,Vegetation/Prefabs/alien-stone-19
160,160,岩石,Vegetation/Prefabs/alien-stone-20
161,161,岩石,Vegetation/Prefabs/alien-stone-21
162,162,岩石,Vegetation/Prefabs/alien-stone-22
163,163,岩石,Vegetation/Prefabs/alien-stone-23
164,164,岩石,Vegetation/Prefabs/alien-stone-24
165,165,岩石,Vegetation/Prefabs/alien-stone-25
166,166,有机植被,Vegetation/Ocean 3/Prefabs/oc3-tree-1
167,167,有机植被,Vegetation/Ocean 3/Prefabs/oc3-tree-2
168,168,有机植被,Vegetation/Ocean 3/Prefabs/oc3-tree-3
169,169,有机植被,Vegetation/Ocean 3/Prefabs/oc3-tree-4
170,170,有机植被,Vegetation/Ocean 3/Prefabs/oc3-tree-5
171,171,有机植被,Vegetation/Ocean 3/Prefabs/oc3-tree-6
172,172,有机植被,Vegetation/Ocean 3/Prefabs/oc3-tree-7
173,173,有机植被,Vegetation/Ocean 3/Prefabs/oc3-grass-8
174,174,有机植被,Vegetation/Ocean 3/Prefabs/oc3-grass-9
175,175,飞行舱,Vegetation/Ocean 1/Prefabs/space-capsule-dummy
176,176,有机植被,Vegetation/Ocean 2/Prefabs/oc2-tree-1
177,177,有机植被,Vegetation/Ocean 2/Prefabs/oc2-tree-2
179,179,有机植被,Vegetation/Ocean 2/Prefabs/oc2-tree-4
180,180,有机植被,Vegetation/Ocean 2/Prefabs/oc2-tree-5
181,181,有机植被,Vegetation/Ocean 2/Prefabs/oc2-tree-6
182,182,有机植被,Vegetation/Ocean 2/Prefabs/oc2-grass-7
183,183,有机植被,Vegetation/Ocean 2/Prefabs/oc2-grass-8
184,184,有机植被,Vegetation/Ocean 2/Prefabs/oc2-grass-9
185,185,有机植被,Vegetation/Ocean 6/Prefabs/oc6-tree-1
186,186,有机植被,Vegetation/Ocean 6/Prefabs/oc6-tree-2
187,187,有机植被,Vegetation/Ocean 6/Prefabs/oc6-tree-3
188,188,有机植被,Vegetation/Ocean 6/Prefabs/oc6-tree-4
189,189,有机植被,Vegetation/Ocean 6/Prefabs/oc6-tree-5
190,190,有机植被,Vegetation/Ocean 6/Prefabs/oc6-tree-6
191,191,有机植被,Vegetation/Ocean 6/Prefabs/oc6-grass-7
192,192,有机植被,Vegetation/Ocean 6/Prefabs/oc6-grass-8
193,193,有机植被,Vegetation/Ocean 6/Prefabs/oc6-grass-9
194,194,位面熔炉,Entities/Prefabs/smelter-2
195,195,岩石,Vegetation/Desert 1/Prefabs/ds1-stone-1
196,196,岩石,Vegetation/Desert 1/Prefabs/ds1-stone-2
197,197,岩石,Vegetation/Desert 1/Prefabs/ds1-stone-3
198,198,岩石,Vegetation/Desert 1/Prefabs/ds1-stone-4
199,199,岩石,Vegetation/Desert 1/Prefabs/ds1-stone-5
200,200,岩石,Vegetation/Desert 1/Prefabs/ds1-stone-6
201,201,岩石,Vegetation/Desert 1/Prefabs/ds1-stone-7
202,202,岩石,Vegetation/Desert 1/Prefabs/ds1-stone-8
203,203,岩石,Vegetation/Desert 1/Prefabs/ds1-stone-9
204,204,岩石,Vegetation/Desert 1/Prefabs/ds1-stone-10
205,205,岩石,Vegetation/Desert 1/Prefabs/ds1-stone-11
206,206,岩石,Vegetation/Desert 1/Prefabs/ds1-stone-12
207,207,岩石,Vegetation/Desert 1/Prefabs/ds1-vfx-1
208,208,流速器,Entities/Prefabs/monitor
209,209,岩石,Vegetation/Desert 2/Prefabs/ds2-stone-1
210,210,岩石,Vegetation/Desert 2/Prefabs/ds2-stone-2
211,211,岩石,Vegetation/Desert 2/Prefabs/ds2-stone-3
212,212,岩石,Vegetation/Desert 2/Prefabs/ds2-stone-4
213,213,岩石,Vegetation/Desert 2/Prefabs/ds2-stone-5
214,214,岩石,Vegetation/Desert 2/Prefabs/ds2-stone-6
215,215,岩石,Vegetation/Desert 2/Prefabs/ds2-stone-7
216,216,岩石,Vegetation/Desert 2/Prefabs/ds2-stone-8
217,217,岩石,Vegetation/Desert 2/Prefabs/ds2-stone-9
218,218,岩石,Vegetation/Desert 2/Prefabs/ds2-stone-10
219,219,岩石,Vegetation/Desert 2/Prefabs/ds2-stone-11
220,220,岩石,Vegetation/Desert 2/Prefabs/ds2-stone-12
221,221,岩石,Vegetation/Desert 2/Prefabs/ds2-stone-13
222,222,岩石,Vegetation/Desert 2/Prefabs/ds2-stone-14
223,223,岩石,Vegetation/Lava 1/Prefabs/lv1-stone-1
224,224,岩石,Vegetation/Lava 1/Prefabs/lv1-stone-2
225,225,岩石,Vegetation/Lava 1/Prefabs/lv1-stone-3
226,226,岩石,Vegetation/Lava 1/Prefabs/lv1-stone-4
227,227,岩石,Vegetation/Lava 1/Prefabs/lv1-stone-5
228,228,岩石,Vegetation/Lava 1/Prefabs/lv1-stone-6
229,229,岩石,Vegetation/Lava 1/Prefabs/lv1-stone-7
230,230,岩石,Vegetation/Lava 1/Prefabs/lv1-stone-8
231,231,岩石,Vegetation/Lava 1/Prefabs/lv1-stone-9
232,232,岩石,Vegetation/Lava 1/Prefabs/lv1-stone-10
233,233,岩石,Vegetation/Lava 1/Prefabs/lv1-stone-11
234,234,岩石,Vegetation/Lava 1/Prefabs/lv1-stone-12
235,235,岩石,Vegetation/Lava 1/Prefabs/lv1-stone-13
236,236,岩石,Vegetation/Lava 1/Prefabs/lv1-stone-14
237,237,岩石,Vegetation/Lava 1/Prefabs/lv1-stone-15
238,238,岩石,Vegetation/Lava 1/Prefabs/lv1-stone-16
239,239,岩石,Vegetation/Lava 1/Prefabs/lv1-stone-17
240,240,岩石,Vegetation/Desert 6/Prefabs/ds6-stone-1
241,241,岩石,Vegetation/Desert 6/Prefabs/ds6-stone-2
242,242,岩石,Vegetation/Desert 6/Prefabs/ds6-stone-3
243,243,岩石,Vegetation/Desert 6/Prefabs/ds6-stone-4
244,244,岩石,Vegetation/Desert 6/Prefabs/ds6-stone-5
245,245,岩石,Vegetation/Desert 6/Prefabs/ds6-stone-6
246,246,岩石,Vegetation/Desert 6/Prefabs/ds6-stone-7
247,247,岩石,Vegetation/Desert 6/Prefabs/ds6-stone-8
248,248,岩石,Vegetation/Desert 6/Prefabs/ds6-stone-9
249,249,岩石,Vegetation/Desert 6/Prefabs/ds6-stone-10
250,250,岩石,Vegetation/Desert 6/Prefabs/ds6-stone-11
251,251,岩石,Vegetation/Desert 6/Prefabs/ds6-stone-12
252,252,岩石,Vegetation/Desert 6/Prefabs/ds6-stone-13
253,253,岩石,Vegetation/Desert 6/Prefabs/ds6-stone-14
254,254,岩石,Vegetation/Desert 6/Prefabs/ds6-stone-15
255,255,地热发电站,Entities/Prefabs/geothermal-power-station
256,256,大型采矿机,Entities/Prefabs/mining-drill-mk2
257,257,自动集装机,Entities/Prefabs/piler
258,258,岩石,Vegetation/Ice 1/Prefabs/ic1-stone-1
259,259,岩石,Vegetation/Ice 1/Prefabs/ic1-stone-2
260,260,岩石,Vegetation/Ice 1/Prefabs/ic1-stone-3
261,261,岩石,Vegetation/Ice 1/Prefabs/ic1-stone-4
262,262,岩石,Vegetation/Ice 1/Prefabs/ic1-stone-5
263,263,岩石,Vegetation/Ice 1/Prefabs/ic1-stone-6
264,264,岩石,Vegetation/Ice 1/Prefabs/ic1-stone-7
265,265,岩石,Vegetation/Ice 1/Prefabs/ic1-stone-8
266,266,岩石,Vegetation/Ice 1/Prefabs/ic1-stone-9
267,267,岩石,Vegetation/Ice 1/Prefabs/ic1-stone-10
268,268,岩石,Vegetation/Ice 1/Prefabs/ic1-stone-11
269,269,岩石,Vegetation/Ice 1/Prefabs/ic1-stone-12
270,270,岩石,Vegetation/Ice 1/Prefabs/ic1-stone-13
271,271,岩石,Vegetation/Ice 1/Prefabs/ic1-stone-14
272,272,岩石,Vegetation/Ice 1/Prefabs/ic1-stone-15
273,273,中枢核心,Combat/Dark Fog/Prefabs/space-node-core
274,274,日蚀要塞装配港,Combat/Dark Fog/Prefabs/space-node-fortress
275,275,巨鲸装配港,Combat/Dark Fog/Prefabs/space-node-humpback
276,276,枪骑装配港,Combat/Dark Fog/Prefabs/space-node-lancer
277,277,光能接收站,Combat/Dark Fog/Prefabs/space-node-photon
278,278,等离子发生塔,Combat/Dark Fog/Prefabs/space-node-tower-1
279,279,相位激光塔,Combat/Dark Fog/Prefabs/space-node-tower-2
280,280,种子节点,Combat/Dark Fog/Prefabs/space-node-seed
281,281,水平连接桥,Combat/Dark Fog/Prefabs/space-node-horizontal
282,282,纵向通道,Combat/Dark Fog/Prefabs/space-node-vertical
283,283,日蚀要塞,Combat/Dark Fog/Prefabs/space-unit-fortress
284,284,巨鲸,Combat/Dark Fog/Prefabs/space-unit-humpback
285,285,枪骑,Combat/Dark Fog/Prefabs/space-unit-lancer
286,286,高速拦截机,Combat/Dark Fog/Prefabs/space-unit-interceptor
287,287,小型炸弹机,Combat/Dark Fog/Prefabs/space-unit-bomb-craft
288,288,中继站,Combat/Dark Fog/Prefabs/space-unit-relay
289,289,工蚁,Combat/Dark Fog/Prefabs/space-unit-ant
290,290,重型运输船,Combat/Dark Fog/Prefabs/space-unit-carrier
291,291,火种,Combat/Dark Fog/Prefabs/space-unit-tinder
292,292,行星基地,Combat/Dark Fog/Prefabs/ground-node-base
293,293,强袭者营地,Combat/Dark Fog/Prefabs/ground-node-raider
294,294,游骑兵营地,Combat/Dark Fog/Prefabs/ground-node-ranger
295,295,守卫者营地,Combat/Dark Fog/Prefabs/ground-node-guardian
296,296,高能激光塔,Combat/Dark Fog/Prefabs/ground-node-tower-1
297,297,等离子哨戒塔,Combat/Dark Fog/Prefabs/ground-node-tower-2
298,298,等离子护盾,Combat/Dark Fog/Prefabs/ground-node-shield
299,299,导轨,Combat/Dark Fog/Prefabs/ground-node-rail
300,300,强袭者,Combat/Dark Fog/Prefabs/ground-unit-raider
301,301,游骑兵,Combat/Dark Fog/Prefabs/ground-unit-ranger
302,302,守卫者,Combat/Dark Fog/Prefabs/ground-unit-guardian
303,303,运输车,Combat/Dark Fog/Prefabs/ground-unit-truck
304,304,岩石,Vegetation/Desert 11/Prefabs/ds11-stone-2
305,305,岩石,Vegetation/Desert 11/Prefabs/ds11-stone-4
306,306,岩石,Vegetation/Desert 11/Prefabs/ds11-stone-5
307,307,岩石,Vegetation/Desert 11/Prefabs/ds11-stone-7
308,308,岩石,Vegetation/Desert 11/Prefabs/ds11-stone-8
309,309,有机植被,Vegetation/Desert 11/Prefabs/ds11-tree-1
310,310,有机植被,Vegetation/Desert 11/Prefabs/ds11-tree-2
311,311,有机植被,Vegetation/Desert 11/Prefabs/ds11-tree-3
312,312,有机植被,Vegetation/Desert 11/Prefabs/ds11-tree-5
313,313,有机植被,Vegetation/Desert 11/Prefabs/ds11-tree-7
314,314,有机植被,Vegetation/Desert 11/Prefabs/ds11-moss-tree-2
315,315,有机植被,Vegetation/Desert 11/Prefabs/ds11-moss-tree-3
316,316,有机植被,Vegetation/Desert 11/Prefabs/ds11-vine-1
317,317,有机植被,Vegetation/Desert 11/Prefabs/ds11-vine-4
318,318,有机植被,Vegetation/Desert 11/Prefabs/ds11-withered-tree-2
319,319,有机植被,Vegetation/Desert 11/Prefabs/ds11-withered-tree-4
320,320,有机植被,Vegetation/Desert 11/Prefabs/ds11-flower-1
321,321,有机植被,Vegetation/Desert 11/Prefabs/ds11-flower-4
322,322,有机植被,Vegetation/Desert 11/Prefabs/ds11-grass-3
323,323,有机植被,Vegetation/Desert 11/Prefabs/ds11-grass-4
324,324,有机植被,Vegetation/Desert 11/Prefabs/ds11-grass-6
325,325,有机植被,Vegetation/Desert 11/Prefabs/ds11-grass-7
326,326,岩石,Vegetation/Desert 8/Prefabs/ds8-stone-1
327,327,岩石,Vegetation/Desert 8/Prefabs/ds8-stone-3
328,328,岩石,Vegetation/Desert 8/Prefabs/ds8-stone-4
329,329,岩石,Vegetation/Desert 8/Prefabs/ds8-stone-5
330,330,有机植被,Vegetation/Desert 8/Prefabs/ds8-flower-1
331,331,有机植被,Vegetation/Desert 8/Prefabs/ds8-flower-4
332,332,有机植被,Vegetation/Desert 8/Prefabs/ds8-grass-1
333,333,有机植被,Vegetation/Desert 8/Prefabs/ds8-grass-2
334,334,有机植被,Vegetation/Desert 8/Prefabs/ds8-cactu-1
335,335,有机植被,Vegetation/Desert 8/Prefabs/ds8-cactu-2
336,336,有机植被,Vegetation/Desert 8/Prefabs/ds8-cypress
337,337,有机植被,Vegetation/Desert 8/Prefabs/ds8-tree-1
338,338,有机植被,Vegetation/Desert 8/Prefabs/ds8-tree-2
339,339,有机植被,Vegetation/Desert 8/Prefabs/ds8-tree-5
340,340,有机植被,Vegetation/Desert 8/Prefabs/ds8-withered-tree-1
341,341,有机植被,Vegetation/Desert 8/Prefabs/ds8-withered-tree-2
342,342,有机植被,Vegetation/Desert 8/Prefabs/ds8-withered-tree-6
343,343,有机植被,Vegetation/Desert 8/Prefabs/ds8-withered-tree-7
344,344,岩石,Vegetation/Desert 9/Prefabs/ds9-crystal-1
345,345,岩石,Vegetation/Desert 9/Prefabs/ds9-crystal-2
346,346,岩石,Vegetation/Desert 9/Prefabs/ds9-crystal-3
347,347,岩石,Vegetation/Desert 9/Prefabs/ds9-stone-1
348,348,岩石,Vegetation/Desert 9/Prefabs/ds9-stone-2
349,349,岩石,Vegetation/Desert 9/Prefabs/ds9-stone-3
350,350,岩石,Vegetation/Desert 9/Prefabs/ds9-stone-4
351,351,岩石,Vegetation/Desert 9/Prefabs/ds9-stone-5
352,352,岩石,Vegetation/Desert 9/Prefabs/ds9-stone-6
353,353,岩石,Vegetation/Desert 9/Prefabs/ds9-stone-7
354,354,岩石,Vegetation/Desert 9/Prefabs/ds9-stone-8
355,355,岩石,Vegetation/Desert 9/Prefabs/ds9-stone-9
356,356,岩石,Vegetation/Desert 9/Prefabs/ds9-stone-10
357,357,岩石,Vegetation/Desert 10/Prefabs/ds10-stone-1
358,358,岩石,Vegetation/Desert 10/Prefabs/ds10-stone-2
359,359,岩石,Vegetation/Desert 10/Prefabs/ds10-stone-3
360,360,岩石,Vegetation/Desert 10/Prefabs/ds10-stone-4
361,361,岩石,Vegetation/Desert 10/Prefabs/ds10-stone-5
362,362,岩石,Vegetation/Desert 10/Prefabs/ds10-stone-6
363,363,岩石,Vegetation/Desert 10/Prefabs/ds10-stone-7
364,364,岩石,Vegetation/Desert 10/Prefabs/ds10-stone-8
365,365,岩石,Vegetation/Desert 10/Prefabs/ds10-stone-9
366,366,岩石,Vegetation/Desert 10/Prefabs/ds10-stone-10
367,367,岩石,Vegetation/Desert 10/Prefabs/ds10-stone-11
368,368,岩石,Vegetation/Desert 10/Prefabs/ds10-stone-12
369,369,岩石,Vegetation/Desert 10/Prefabs/ds10-stone-13
370,370,岩石,Vegetation/Desert 10/Prefabs/ds10-stone-14
371,371,物流配送器,Entities/Prefabs/delivery-machine
372,372,配送运输机,Entities/Prefabs/delivery-drone
373,373,高频激光塔,Entities/Prefabs/turret-laser
374,374,高斯机枪塔,Entities/Prefabs/turret-gauss
375,375,聚爆加农炮,Entities/Prefabs/turret-cannon
376,376,化工厂 Mk.II,Entities/Prefabs/chemical-plant-2
377,377,,
378,378,,
379,379,,
380,380,,
381,381,,
382,382,,
383,383,,
384,384,,
385,385,,
386,386,,
387,387,,
388,388,,
389,389,,
390,390,,
391,391,,
392,392,,
393,393,,
394,394,,
395,395,,
396,396,,
397,397,,
398,398,,
399,399,,
400,400,,
401,401,,
402,402,护盾发生器,Entities/Prefabs/turret-shield
403,403,信标,Entities/Prefabs/turret-signal
404,404,,
405,405,,
406,406,,
407,407,导弹防御塔,Entities/Prefabs/turret-missile
408,408,磁化电浆炮,Entities/Prefabs/turret-plasma
409,409,岩石,Vegetation/Desert 7/Prefabs/ds7-stone-1
410,410,岩石,Vegetation/Desert 7/Prefabs/ds7-stone-2
411,411,岩石,Vegetation/Desert 7/Prefabs/ds7-stone-3
412,412,岩石,Vegetation/Desert 7/Prefabs/ds7-stone-4
413,413,岩石,Vegetation/Desert 7/Prefabs/ds7-stone-5
414,414,岩石,Vegetation/Desert 7/Prefabs/ds7-stone-6
415,415,岩石,Vegetation/Desert 7/Prefabs/ds7-stone-7
416,416,岩石,Vegetation/Desert 7/Prefabs/ds7-stone-8
417,417,岩石,Vegetation/Desert 7/Prefabs/ds7-stone-9
418,418,岩石,Vegetation/Desert 7/Prefabs/ds7-stone-10
419,419,,
420,420,,
421,421,,
422,422,干扰塔,Entities/Prefabs/turret-disturb
423,423,,
424,424,,
425,425,,
426,426,,
427,427,,
428,428,,
429,429,,
430,430,,
431,431,,
432,432,导弹组,Combat/Skill/Prefabs/turret-missile-mk1-desc
433,433,超音速导弹组,Combat/Skill/Prefabs/turret-missile-mk2-desc
434,434,引力导弹组,Combat/Skill/Prefabs/turret-missile-mk3-desc
435,435,,
436,436,,
437,437,,
438,438,,
439,439,,
440,440,,
441,441,,
442,442,机甲地面编队,Combat/CentreBrain/Prefabs/mecha-ground-fleet
443,443,机甲太空编队0,Combat/CentreBrain/Prefabs/mecha-space-fleet-0
444,444,机甲太空编队1,Combat/CentreBrain/Prefabs/mecha-space-fleet-1
445,445,机甲太空编队2,Combat/CentreBrain/Prefabs/mecha-space-fleet-2
446,446,机甲太空编队3,Combat/CentreBrain/Prefabs/mecha-space-fleet-3
447,447,基站地面编队,Combat/CentreBrain/Prefabs/battle-base-ground-fleet
448,448,地面战斗机-E型,Combat/CentreBrain/Prefabs/fighter-type-e
449,449,地面战斗机-A型,Combat/CentreBrain/Prefabs/fighter-type-a
450,450,地面战斗机-F型,Combat/CentreBrain/Prefabs/fighter-type-f
451,451,太空战斗机-A型,Combat/CentreBrain/Prefabs/warship-type-a
452,452,太空战斗机-F型,Combat/CentreBrain/Prefabs/warship-type-f
453,453,战场分析基站,Entities/Prefabs/battle-base
454,454,建设无人机,Entities/Prefabs/construction-drone
455,455,矩阵研究站 Mk.II,Entities/Prefabs/lab-2
456,456,制造台 Mk.IV,Entities/Prefabs/assembler-mk-4
457,457,熔炉 Mk.III,Entities/Prefabs/smelter-3
458,458,,
459,459,,
460,460,,
461,461,,
462,462,,
463,463,,
464,464,,
465,465,,
466,466,,
467,467,,
468,468,,
469,469,,
470,470,,
471,471,,
472,472,,
473,473,,
474,474,,
475,475,,
476,476,,
477,477,,
478,478,,
479,479,,
480,480,,
481,481,,
482,482,地面电浆炮,Entities/Prefabs/turret-plasma-ground
483,483,集装分拣器,Entities/Prefabs/inserter-4
484,484,,
485,485,,
486,486,炮弹组,Combat/Skill/Prefabs/turret-cannonade-mk1-desc
487,487,高爆炮弹组,Combat/Skill/Prefabs/turret-cannonade-mk2-desc
488,488,晶石炮弹组,Combat/Skill/Prefabs/turret-cannonade-mk3-desc
489,489,燃烧单元,Combat/Skill/Prefabs/general-bomb-explosive-mk1-desc
490,490,爆破单元,Combat/Skill/Prefabs/general-bomb-explosive-mk2-desc
491,491,晶石爆破单元,Combat/Skill/Prefabs/general-bomb-explosive-mk3-desc
492,492,电磁干扰胶囊,Combat/Skill/Prefabs/general-bomb-em-capsule-mk1-desc
493,493,电磁压制胶囊,Combat/Skill/Prefabs/general-bomb-em-capsule-mk2-desc
494,494,水,Combat/Skill/Prefabs/general-bomb-water-desc
530,530,精准分馏塔,Entities/Prefabs/fractionator
531,531,建筑极速分馏塔,Entities/Prefabs/fractionator
534,534,垃圾回收分馏塔,Entities/Prefabs/fractionator
532,532,点数聚集分馏塔,Entities/Prefabs/fractionator
533,533,增产分馏塔,Entities/Prefabs/fractionator
